src_vid,dst_vid
DB00001,SMP0000278
DB00002,SMP0000474
DB00006,SMP0000277
DB00009,SMP0000280
DB00013,SMP0000284
DB00015,SMP0000285
DB00029,SMP0000281
DB00031,SMP0000283
DB00054,SMP0000265
DB00063,SMP0000266
DB00072,SMP0000476
DB00086,SMP0000282
DB00112,SMP0000420
DB00114,SMP0000002
DB00114,SMP0000003
DB00114,SMP0000004
DB00114,SMP0000006
DB00114,SMP0000009
DB00114,SMP0000012
DB00114,SMP0000016
DB00114,SMP0000020
DB00114,SMP0000021
DB00114,SMP0000024
DB00114,SMP0000029
DB00114,SMP0000044
DB00114,SMP0000058
DB00114,SMP0000072
DB00114,SMP0000137
DB00114,SMP0000139
DB00114,SMP0000173
DB00114,SMP0000177
DB00114,SMP0000186
DB00114,SMP0000188
DB00114,SMP0000191
DB00114,SMP0000218
DB00114,SMP0000239
DB00114,SMP0000339
DB00114,SMP0000348
DB00114,SMP0000360
DB00114,SMP0000361
DB00114,SMP0000370
DB00114,SMP0000429
DB00114,SMP0000465
DB00116,SMP0000033
DB00116,SMP0000144
DB00116,SMP0000168
DB00116,SMP0000203
DB00116,SMP0000221
DB00116,SMP0000223
DB00116,SMP0000244
DB00116,SMP0000427
DB00116,SMP0000430
DB00116,SMP0000432
DB00116,SMP0000513
DB00116,SMP0000724
DB00116,SMP0000004
DB00116,SMP0000009
DB00116,SMP0000044
DB00116,SMP0000050
DB00116,SMP0000123
DB00116,SMP0000177
DB00116,SMP0000191
DB00116,SMP0000210
DB00116,SMP0000364
DB00116,SMP0000365
DB00116,SMP0000428
DB00116,SMP0000535
DB00116,SMP0000543
DB00116,SMP0002313
DB00116,SMP0000053
DB00116,SMP0000167
DB00116,SMP0000179
DB00116,SMP0000214
DB00117,SMP0000247
DB00117,SMP0000249
DB00117,SMP0000250
DB00117,SMP0000255
DB00117,SMP0000256
DB00117,SMP0000257
DB00117,SMP0000259
DB00117,SMP0000262
DB00117,SMP0000493
DB00117,SMP0000711
DB00117,SMP0000726
DB00117,SMP0000009
DB00117,SMP0000044
DB00117,SMP0000191
DB00117,SMP0000248
DB00117,SMP0000251
DB00117,SMP0000254
DB00117,SMP0000293
DB00117,SMP0000294
DB00117,SMP0000713
DB00117,SMP0000715
DB00117,SMP0000730
DB00117,SMP0000731
DB00117,SMP0000007
DB00117,SMP0000252
DB00117,SMP0000253
DB00117,SMP0000258
DB00117,SMP0000290
DB00117,SMP0000291
DB00117,SMP0000292
DB00118,SMP0000004
DB00118,SMP0000006
DB00118,SMP0000012
DB00118,SMP0000020
DB00118,SMP0000044
DB00118,SMP0000123
DB00118,SMP0000177
DB00118,SMP0000188
DB00118,SMP0000191
DB00118,SMP0000218
DB00118,SMP0000327
DB00118,SMP0000360
DB00118,SMP0000361
DB00118,SMP0000428
DB00118,SMP0000429
DB00118,SMP0000465
DB00118,SMP0000507
DB00118,SMP0000715
DB00118,SMP0002313
DB00118,SMP0014216
DB00118,SMP0014218
DB00118,SMP0014220
DB00118,SMP0014224
DB00118,SMP0014228
DB00118,SMP0014229
DB00118,SMP0014230
DB00118,SMP0014233
DB00118,SMP0014235
DB00118,SMP0014240
DB00118,SMP0014242
DB00119,SMP0000013
DB00119,SMP0000040
DB00119,SMP0000045
DB00119,SMP0000055
DB00119,SMP0000179
DB00119,SMP0000242
DB00119,SMP0000350
DB00119,SMP0000385
DB00119,SMP0000484
DB00119,SMP0000485
DB00119,SMP0000531
DB00119,SMP0000534
DB00119,SMP0000559
DB00119,SMP0000560
DB00119,SMP0000573
DB00119,SMP0000721
DB00119,SMP0000722
DB00119,SMP0002295
DB00119,SMP0002358
DB00119,SMP0000001
DB00119,SMP0000059
DB00119,SMP0000127
DB00119,SMP0000136
DB00119,SMP0000205
DB00119,SMP0000223
DB00119,SMP0000243
DB00119,SMP0000244
DB00119,SMP0000313
DB00119,SMP0000352
DB00119,SMP0000357
DB00120,SMP0000370
DB00120,SMP0000206
DB00120,SMP0000008
DB00120,SMP0000369
DB00121,SMP0000066
DB00121,SMP0000136
DB00121,SMP0000138
DB00121,SMP0000198
DB00121,SMP0000200
DB00121,SMP0000243
DB00121,SMP0000313
DB00121,SMP0000352
DB00121,SMP0000374
DB00121,SMP0000466
DB00121,SMP0000523
DB00121,SMP0000546
DB00121,SMP0000547
DB00121,SMP0000548
DB00121,SMP0000549
DB00121,SMP0000562
DB00121,SMP0000563
DB00121,SMP0000567
DB00121,SMP0000654
DB00121,SMP0002291
DB00121,SMP0000032
DB00121,SMP0000055
DB00121,SMP0000140
DB00121,SMP0000141
DB00121,SMP0000199
DB00121,SMP0000201
DB00121,SMP0000236
DB00121,SMP0000237
DB00121,SMP0000238
DB00121,SMP0000350
DB00122,SMP0000123
DB00122,SMP0000177
DB00122,SMP0002313
DB00122,SMP0014216
DB00122,SMP0014218
DB00122,SMP0014220
DB00122,SMP0014224
DB00122,SMP0014228
DB00122,SMP0014229
DB00122,SMP0014230
DB00122,SMP0014233
DB00122,SMP0014235
DB00122,SMP0014240
DB00122,SMP0014242
DB00122,SMP0014245
DB00122,SMP0014248
DB00122,SMP0014249
DB00122,SMP0014255
DB00122,SMP0014267
DB00122,SMP0014272
DB00122,SMP0014274
DB00122,SMP0014277
DB00122,SMP0014278
DB00122,SMP0014279
DB00122,SMP0014287
DB00122,SMP0014290
DB00122,SMP0014291
DB00122,SMP0014294
DB00122,SMP0014300
DB00122,SMP0014303
DB00123,SMP0000066
DB00123,SMP0000719
DB00123,SMP0000037
DB00123,SMP0000528
DB00123,SMP0000564
DB00123,SMP0000571
DB00123,SMP0000174
DB00123,SMP0000186
DB00123,SMP0000239
DB00123,SMP0000465
DB00123,SMP0000527
DB00125,SMP0000002
DB00125,SMP0000003
DB00125,SMP0000004
DB00125,SMP0000020
DB00125,SMP0000188
DB00125,SMP0000360
DB00125,SMP0000361
DB00125,SMP0000507
DB00125,SMP0000179
DB00125,SMP0000242
DB00125,SMP0000362
DB00125,SMP0000484
DB00125,SMP0000485
DB00125,SMP0000504
DB00125,SMP0000505
DB00125,SMP0000721
DB00125,SMP0000001
DB00125,SMP0000059
DB00125,SMP0000067
DB00125,SMP0000175
DB00125,SMP0000192
DB00125,SMP0000205
DB00125,SMP0000207
DB00125,SMP0000208
DB00125,SMP0000223
DB00125,SMP0000244
DB00125,SMP0000357
DB00125,SMP0000363
DB00125,SMP0000506
DB00125,SMP0063777
DB00126,SMP0000030
DB00126,SMP0000170
DB00126,SMP0002295
DB00126,SMP0000006
DB00126,SMP0000012
DB00126,SMP0000218
DB00126,SMP0000429
DB00126,SMP0000450
DB00126,SMP0000465
DB00126,SMP0002292
DB00126,SMP0000169
DB00126,SMP0000190
DB00126,SMP0000451
DB00126,SMP0000494
DB00126,SMP0000497
DB00126,SMP0000498
DB00126,SMP0000533
DB00127,SMP0000445
DB00128,SMP0000129
DB00128,SMP0000167
DB00128,SMP0000220
DB00128,SMP0000362
DB00128,SMP0000385
DB00128,SMP0000493
DB00128,SMP0000504
DB00128,SMP0000505
DB00128,SMP0000512
DB00128,SMP0000536
DB00128,SMP0000537
DB00128,SMP0000002
DB00128,SMP0000003
DB00128,SMP0000006
DB00128,SMP0000009
DB00128,SMP0000020
DB00128,SMP0000050
DB00128,SMP0000072
DB00128,SMP0000188
DB00128,SMP0000210
DB00128,SMP0000218
DB00128,SMP0000339
DB00128,SMP0000360
DB00128,SMP0000361
DB00128,SMP0000364
DB00128,SMP0000365
DB00128,SMP0000428
DB00128,SMP0000429
DB00128,SMP0000507
DB00128,SMP0000535
DB00129,SMP0000362
DB00129,SMP0000504
DB00129,SMP0000505
DB00129,SMP0000002
DB00129,SMP0000003
DB00129,SMP0000020
DB00129,SMP0000188
DB00129,SMP0000360
DB00129,SMP0000361
DB00129,SMP0000507
DB00129,SMP0000001
DB00129,SMP0000059
DB00129,SMP0000205
DB00129,SMP0000207
DB00129,SMP0000208
DB00129,SMP0000357
DB00129,SMP0000363
DB00129,SMP0000445
DB00129,SMP0000506
DB00130,SMP0000045
DB00130,SMP0000126
DB00130,SMP0000167
DB00130,SMP0000220
DB00130,SMP0000385
DB00130,SMP0000512
DB00130,SMP0000534
DB00130,SMP0000536
DB00130,SMP0000537
DB00130,SMP0002358
DB00130,SMP0000002
DB00130,SMP0000003
DB00130,SMP0000009
DB00130,SMP0000046
DB00130,SMP0000050
DB00130,SMP0000072
DB00130,SMP0000202
DB00130,SMP0000210
DB00130,SMP0000216
DB00130,SMP0000217
DB00130,SMP0000240
DB00130,SMP0000339
DB00130,SMP0000364
DB00130,SMP0000365
DB00130,SMP0000390
DB00130,SMP0000428
DB00130,SMP0000535
DB00130,SMP0002298
DB00130,SMP0002359
DB00130,SMP0000001
DB00131,SMP0000002
DB00131,SMP0000003
DB00131,SMP0000004
DB00131,SMP0000009
DB00131,SMP0000016
DB00131,SMP0000020
DB00131,SMP0000029
DB00131,SMP0000031
DB00131,SMP0000044
DB00131,SMP0000050
DB00131,SMP0000051
DB00131,SMP0000060
DB00131,SMP0000072
DB00131,SMP0000073
DB00131,SMP0000076
DB00131,SMP0000177
DB00131,SMP0000188
DB00131,SMP0000191
DB00131,SMP0000196
DB00131,SMP0000210
DB00131,SMP0000212
DB00131,SMP0000248
DB00131,SMP0000251
DB00131,SMP0000254
DB00131,SMP0000293
DB00131,SMP0000294
DB00131,SMP0000334
DB00131,SMP0000339
DB00131,SMP0000360
DB00131,SMP0000361
DB00132,SMP0000018
DB00133,SMP0000004
DB00133,SMP0000009
DB00133,SMP0000029
DB00133,SMP0000177
DB00133,SMP0000348
DB00133,SMP0002313
DB00133,SMP0015056
DB00133,SMP0015057
DB00133,SMP0015058
DB00133,SMP0015062
DB00133,SMP0015063
DB00133,SMP0015074
DB00133,SMP0015077
DB00133,SMP0015078
DB00133,SMP0015084
DB00133,SMP0015086
DB00133,SMP0015092
DB00133,SMP0015094
DB00133,SMP0015095
DB00133,SMP0015097
DB00133,SMP0015101
DB00133,SMP0015103
DB00133,SMP0015109
DB00133,SMP0015112
DB00133,SMP0015114
DB00133,SMP0015116
DB00133,SMP0015117
DB00133,SMP0015119
DB00133,SMP0015120
DB00133,SMP0015121
DB00134,SMP0000004
DB00134,SMP0000123
DB00134,SMP0000177
DB00134,SMP0000248
DB00134,SMP0000251
DB00134,SMP0000254
DB00134,SMP0000293
DB00134,SMP0000294
DB00134,SMP0000713
DB00134,SMP0000730
DB00134,SMP0000731
DB00134,SMP0002313
DB00134,SMP0000033
DB00134,SMP0000221
DB00134,SMP0000223
DB00134,SMP0000244
DB00134,SMP0000252
DB00134,SMP0000253
DB00134,SMP0000258
DB00134,SMP0000290
DB00134,SMP0000291
DB00134,SMP0000292
DB00134,SMP0000295
DB00134,SMP0000445
DB00134,SMP0000712
DB00134,SMP0000714
DB00134,SMP0000727
DB00134,SMP0000728
DB00134,SMP0000729
DB00134,SMP0000179
DB00135,SMP0000170
DB00135,SMP0000206
DB00135,SMP0000006
DB00135,SMP0000012
DB00135,SMP0000218
DB00135,SMP0000370
DB00135,SMP0000429
DB00135,SMP0000008
DB00135,SMP0000169
DB00135,SMP0000190
DB00135,SMP0000369
DB00135,SMP0000494
DB00135,SMP0000497
DB00135,SMP0000498
DB00135,SMP0000533
DB00135,SMP0000716
DB00139,SMP0000071
DB00139,SMP0000136
DB00139,SMP0000138
DB00139,SMP0000200
DB00139,SMP0000207
DB00139,SMP0000208
DB00139,SMP0000243
DB00139,SMP0000363
DB00139,SMP0000451
DB00139,SMP0000506
DB00139,SMP0000523
DB00139,SMP0000546
DB00139,SMP0000547
DB00139,SMP0000548
DB00139,SMP0000549
DB00139,SMP0000567
DB00139,SMP0000654
DB00139,SMP0002291
DB00139,SMP0000030
DB00139,SMP0000032
DB00139,SMP0000140
DB00139,SMP0000141
DB00139,SMP0000199
DB00139,SMP0000236
DB00139,SMP0000237
DB00139,SMP0000238
DB00139,SMP0000362
DB00139,SMP0000384
DB00139,SMP0000385
DB00139,SMP0000504
DB00140,SMP0000070
DB00141,SMP0000045
DB00141,SMP0000534
DB00141,SMP0000216
DB00141,SMP0000217
DB00141,SMP0000240
DB00141,SMP0000390
DB00142,SMP0000002
DB00142,SMP0000003
DB00142,SMP0000004
DB00142,SMP0000006
DB00142,SMP0000009
DB00142,SMP0000016
DB00142,SMP0000020
DB00142,SMP0000044
DB00142,SMP0000050
DB00142,SMP0000072
DB00142,SMP0000084
DB00142,SMP0000085
DB00142,SMP0000086
DB00142,SMP0000096
DB00142,SMP0000101
DB00142,SMP0000104
DB00142,SMP0000137
DB00142,SMP0000139
DB00142,SMP0000173
DB00142,SMP0000186
DB00142,SMP0000188
DB00142,SMP0000191
DB00142,SMP0000210
DB00142,SMP0000216
DB00142,SMP0000217
DB00142,SMP0000218
DB00142,SMP0000239
DB00142,SMP0000240
DB00142,SMP0000289
DB00142,SMP0000339
DB00143,SMP0000077
DB00143,SMP0000087
DB00143,SMP0000093
DB00143,SMP0000094
DB00143,SMP0000114
DB00143,SMP0000116
DB00143,SMP0000136
DB00143,SMP0000183
DB00143,SMP0000243
DB00143,SMP0000500
DB00143,SMP0000567
DB00143,SMP0000692
DB00143,SMP0000697
DB00143,SMP0000702
DB00143,SMP0000015
DB00143,SMP0000075
DB00143,SMP0000083
DB00143,SMP0000098
DB00143,SMP0000102
DB00143,SMP0000106
DB00143,SMP0000109
DB00143,SMP0000113
DB00143,SMP0000120
DB00143,SMP0000143
DB00143,SMP0000337
DB00143,SMP0000385
DB00143,SMP0000447
DB00143,SMP0000559
DB00143,SMP0000604
DB00143,SMP0000640
DB00144,SMP0014216
DB00144,SMP0014218
DB00144,SMP0014220
DB00144,SMP0014224
DB00144,SMP0014228
DB00144,SMP0014229
DB00144,SMP0014230
DB00144,SMP0014233
DB00144,SMP0014235
DB00144,SMP0014240
DB00144,SMP0014242
DB00144,SMP0014245
DB00144,SMP0014248
DB00144,SMP0014249
DB00144,SMP0014255
DB00144,SMP0014267
DB00144,SMP0014272
DB00144,SMP0014274
DB00144,SMP0014277
DB00144,SMP0014278
DB00144,SMP0014279
DB00144,SMP0014287
DB00144,SMP0014290
DB00144,SMP0014291
DB00144,SMP0014294
DB00144,SMP0014300
DB00144,SMP0014303
DB00144,SMP0014304
DB00144,SMP0014306
DB00144,SMP0014310
DB00145,SMP0000004
DB00145,SMP0000009
DB00145,SMP0000020
DB00145,SMP0000024
DB00145,SMP0000050
DB00145,SMP0000072
DB00145,SMP0000177
DB00145,SMP0000188
DB00145,SMP0000210
DB00145,SMP0000314
DB00145,SMP0000339
DB00145,SMP0000360
DB00145,SMP0000361
DB00145,SMP0000364
DB00145,SMP0000365
DB00145,SMP0000428
DB00145,SMP0000465
DB00145,SMP0000501
DB00145,SMP0000507
DB00145,SMP0000535
DB00145,SMP0000720
DB00145,SMP0002313
DB00145,SMP0000033
DB00145,SMP0000035
DB00145,SMP0000136
DB00145,SMP0000144
DB00145,SMP0000168
DB00145,SMP0000183
DB00145,SMP0000203
DB00145,SMP0000207
DB00147,SMP0000137
DB00147,SMP0000139
DB00147,SMP0000173
DB00147,SMP0000524
DB00147,SMP0000017
DB00147,SMP0000138
DB00147,SMP0000200
DB00147,SMP0000503
DB00147,SMP0000523
DB00147,SMP0000032
DB00147,SMP0000140
DB00147,SMP0000141
DB00147,SMP0000199
DB00147,SMP0000236
DB00147,SMP0000237
DB00147,SMP0000238
DB00147,SMP0000384
DB00147,SMP0000521
DB00147,SMP0000522
DB00148,SMP0000004
DB00148,SMP0000020
DB00148,SMP0000188
DB00148,SMP0000360
DB00148,SMP0000361
DB00148,SMP0000507
DB00148,SMP0000207
DB00148,SMP0000208
DB00148,SMP0000223
DB00148,SMP0000244
DB00148,SMP0000363
DB00148,SMP0000506
DB00148,SMP0000179
DB00148,SMP0000242
DB00148,SMP0000362
DB00148,SMP0000484
DB00148,SMP0000485
DB00148,SMP0000504
DB00148,SMP0000505
DB00148,SMP0000721
DB00149,SMP0000137
DB00149,SMP0000139
DB00149,SMP0000173
DB00149,SMP0000248
DB00149,SMP0000251
DB00149,SMP0000254
DB00149,SMP0000293
DB00149,SMP0000294
DB00149,SMP0000524
DB00149,SMP0000713
DB00149,SMP0000730
DB00149,SMP0000731
DB00149,SMP0002298
DB00149,SMP0000138
DB00149,SMP0000200
DB00149,SMP0000252
DB00149,SMP0000253
DB00149,SMP0000258
DB00149,SMP0000290
DB00149,SMP0000291
DB00149,SMP0000292
DB00149,SMP0000295
DB00149,SMP0000523
DB00149,SMP0000712
DB00149,SMP0000714
DB00149,SMP0000727
DB00149,SMP0000728
DB00149,SMP0000729
DB00149,SMP0000032
DB00149,SMP0000140
DB00150,SMP0000063
DB00151,SMP0000004
DB00151,SMP0000021
DB00151,SMP0000072
DB00151,SMP0000080
DB00151,SMP0000088
DB00151,SMP0000091
DB00151,SMP0000110
DB00151,SMP0000121
DB00151,SMP0000134
DB00151,SMP0000135
DB00151,SMP0000177
DB00151,SMP0000339
DB00151,SMP0000501
DB00151,SMP0000027
DB00151,SMP0000033
DB00151,SMP0000078
DB00151,SMP0000090
DB00151,SMP0000097
DB00151,SMP0000103
DB00151,SMP0000108
DB00151,SMP0000122
DB00151,SMP0000133
DB00151,SMP0000136
DB00151,SMP0000183
DB00151,SMP0000184
DB00151,SMP0000193
DB00151,SMP0000221
DB00151,SMP0000223
DB00151,SMP0000243
DB00151,SMP0000244
DB00152,SMP0000076
DB00154,SMP0000018
DB00155,SMP0000362
DB00155,SMP0000504
DB00155,SMP0000505
DB00155,SMP0000002
DB00155,SMP0000003
DB00155,SMP0000020
DB00155,SMP0000188
DB00155,SMP0000360
DB00155,SMP0000361
DB00155,SMP0000507
DB00155,SMP0000001
DB00155,SMP0000059
DB00155,SMP0000067
DB00155,SMP0000175
DB00155,SMP0000192
DB00155,SMP0000205
DB00155,SMP0000207
DB00155,SMP0000208
DB00155,SMP0000357
DB00155,SMP0000363
DB00155,SMP0000506
DB00155,SMP0063777
DB00156,SMP0000248
DB00156,SMP0000251
DB00156,SMP0000254
DB00156,SMP0000293
DB00156,SMP0000294
DB00156,SMP0000713
DB00156,SMP0000730
DB00156,SMP0000731
DB00156,SMP0000247
DB00156,SMP0000249
DB00156,SMP0000250
DB00156,SMP0000255
DB00156,SMP0000256
DB00156,SMP0000257
DB00156,SMP0000259
DB00156,SMP0000262
DB00156,SMP0000452
DB00156,SMP0000711
DB00156,SMP0000726
DB00156,SMP0000252
DB00156,SMP0000253
DB00156,SMP0000258
DB00156,SMP0000290
DB00156,SMP0000291
DB00156,SMP0000292
DB00156,SMP0000295
DB00156,SMP0000712
DB00156,SMP0000714
DB00156,SMP0000727
DB00156,SMP0000728
DB00157,SMP0000010
DB00157,SMP0000013
DB00157,SMP0000028
DB00157,SMP0000032
DB00157,SMP0000037
DB00157,SMP0000040
DB00157,SMP0000053
DB00157,SMP0000063
DB00157,SMP0000064
DB00157,SMP0000068
DB00157,SMP0000124
DB00157,SMP0000129
DB00157,SMP0000140
DB00157,SMP0000141
DB00157,SMP0000167
DB00157,SMP0000179
DB00157,SMP0000181
DB00157,SMP0000185
DB00157,SMP0000187
DB00157,SMP0000199
DB00157,SMP0000201
DB00157,SMP0000214
DB00157,SMP0000220
DB00157,SMP0000222
DB00157,SMP0000235
DB00157,SMP0000236
DB00157,SMP0000237
DB00157,SMP0000238
DB00157,SMP0000242
DB00157,SMP0000316
DB00158,SMP0000543
DB00158,SMP0000053
DB00158,SMP0000432
DB00158,SMP0000724
DB00159,SMP0000018
DB00160,SMP0000002
DB00160,SMP0000003
DB00160,SMP0000004
DB00160,SMP0000029
DB00160,SMP0000072
DB00160,SMP0000248
DB00160,SMP0000251
DB00160,SMP0000254
DB00160,SMP0000293
DB00160,SMP0000294
DB00160,SMP0000339
DB00160,SMP0000501
DB00160,SMP0000713
DB00160,SMP0000730
DB00160,SMP0000731
DB00160,SMP0002298
DB00160,SMP0000015
DB00160,SMP0000055
DB00160,SMP0000063
DB00160,SMP0000143
DB00160,SMP0000179
DB00160,SMP0000242
DB00160,SMP0000247
DB00160,SMP0000249
DB00160,SMP0000250
DB00160,SMP0000255
DB00160,SMP0000256
DB00160,SMP0000257
DB00160,SMP0000259
DB00160,SMP0000262
DB00161,SMP0000016
DB00161,SMP0000137
DB00161,SMP0000139
DB00161,SMP0000173
DB00161,SMP0000248
DB00161,SMP0000251
DB00161,SMP0000254
DB00161,SMP0000293
DB00161,SMP0000294
DB00161,SMP0000524
DB00161,SMP0000713
DB00161,SMP0000730
DB00161,SMP0000731
DB00161,SMP0000138
DB00161,SMP0000198
DB00161,SMP0000200
DB00161,SMP0000252
DB00161,SMP0000253
DB00161,SMP0000258
DB00161,SMP0000290
DB00161,SMP0000291
DB00161,SMP0000292
DB00161,SMP0000295
DB00161,SMP0000523
DB00161,SMP0000712
DB00161,SMP0000714
DB00161,SMP0000727
DB00161,SMP0000728
DB00161,SMP0000729
DB00161,SMP0000032
DB00162,SMP0000074
DB00162,SMP0000336
DB00165,SMP0000017
DB00165,SMP0000503
DB00167,SMP0000137
DB00167,SMP0000139
DB00167,SMP0000173
DB00167,SMP0000248
DB00167,SMP0000251
DB00167,SMP0000254
DB00167,SMP0000293
DB00167,SMP0000294
DB00167,SMP0000524
DB00167,SMP0000713
DB00167,SMP0000730
DB00167,SMP0000731
DB00167,SMP0000138
DB00167,SMP0000200
DB00167,SMP0000252
DB00167,SMP0000253
DB00167,SMP0000258
DB00167,SMP0000290
DB00167,SMP0000291
DB00167,SMP0000292
DB00167,SMP0000295
DB00167,SMP0000523
DB00167,SMP0000712
DB00167,SMP0000714
DB00167,SMP0000727
DB00167,SMP0000728
DB00167,SMP0000729
DB00167,SMP0000032
DB00167,SMP0000140
DB00167,SMP0000141
DB00169,SMP0000099
DB00169,SMP0000111
DB00169,SMP0000209
DB00169,SMP0000388
DB00169,SMP0000389
DB00169,SMP0000510
DB00169,SMP0000082
DB00169,SMP0000089
DB00169,SMP0000092
DB00169,SMP0000107
DB00169,SMP0000117
DB00169,SMP0000119
DB00169,SMP0000319
DB00169,SMP0000508
DB00169,SMP0000023
DB00169,SMP0000079
DB00169,SMP0000095
DB00169,SMP0000112
DB00169,SMP0000131
DB00169,SMP0000386
DB00169,SMP0000387
DB00169,SMP0000509
DB00169,SMP0000511
DB00171,SMP0000002
DB00171,SMP0000003
DB00171,SMP0000004
DB00171,SMP0000009
DB00171,SMP0000011
DB00171,SMP0000016
DB00171,SMP0000020
DB00171,SMP0000029
DB00171,SMP0000031
DB00171,SMP0000039
DB00171,SMP0000043
DB00171,SMP0000044
DB00171,SMP0000046
DB00171,SMP0000050
DB00171,SMP0000051
DB00171,SMP0000057
DB00171,SMP0000058
DB00171,SMP0000060
DB00171,SMP0000072
DB00171,SMP0000073
DB00171,SMP0000076
DB00171,SMP0000082
DB00171,SMP0000089
DB00171,SMP0000092
DB00171,SMP0000107
DB00171,SMP0000117
DB00171,SMP0000119
DB00171,SMP0000123
DB00171,SMP0000128
DB00171,SMP0000137
DB00172,SMP0000020
DB00172,SMP0000188
DB00172,SMP0000248
DB00172,SMP0000251
DB00172,SMP0000254
DB00172,SMP0000293
DB00172,SMP0000294
DB00172,SMP0000360
DB00172,SMP0000361
DB00172,SMP0000507
DB00172,SMP0000713
DB00172,SMP0000730
DB00172,SMP0000731
DB00172,SMP0002292
DB00172,SMP0000247
DB00172,SMP0000249
DB00172,SMP0000250
DB00172,SMP0000255
DB00172,SMP0000256
DB00172,SMP0000257
DB00172,SMP0000259
DB00172,SMP0000262
DB00172,SMP0000362
DB00172,SMP0000504
DB00172,SMP0000505
DB00172,SMP0000711
DB00172,SMP0000726
DB00172,SMP0002295
DB00172,SMP0000207
DB00172,SMP0000208
DB00173,SMP0000167
DB00173,SMP0000220
DB00173,SMP0000512
DB00173,SMP0000536
DB00173,SMP0000537
DB00173,SMP0000050
DB00173,SMP0000210
DB00173,SMP0000364
DB00173,SMP0000365
DB00173,SMP0000428
DB00173,SMP0000535
DB00173,SMP0000144
DB00173,SMP0000168
DB00173,SMP0000203
DB00173,SMP0000427
DB00173,SMP0000430
DB00173,SMP0000513
DB00174,SMP0000009
DB00174,SMP0000248
DB00174,SMP0000251
DB00174,SMP0000254
DB00174,SMP0000293
DB00174,SMP0000294
DB00174,SMP0000713
DB00174,SMP0000730
DB00174,SMP0000731
DB00174,SMP0000247
DB00174,SMP0000249
DB00174,SMP0000250
DB00174,SMP0000255
DB00174,SMP0000256
DB00174,SMP0000257
DB00174,SMP0000259
DB00174,SMP0000262
DB00174,SMP0000711
DB00174,SMP0000726
DB00174,SMP0000067
DB00174,SMP0000175
DB00174,SMP0000192
DB00174,SMP0000252
DB00174,SMP0000253
DB00174,SMP0000258
DB00174,SMP0000290
DB00174,SMP0000291
DB00174,SMP0000292
DB00174,SMP0000295
DB00174,SMP0000712
DB00175,SMP0000089
DB00177,SMP0000165
DB00178,SMP0000154
DB00178,SMP0000597
DB00184,SMP0000431
DB00184,SMP0000628
DB00187,SMP0000301
DB00193,SMP0000671
DB00193,SMP0000637
DB00195,SMP0000299
DB00199,SMP0000250
DB00201,SMP0000028
DB00207,SMP0000247
DB00208,SMP0000261
DB00208,SMP0000611
DB00213,SMP0000615
DB00213,SMP0000228
DB00214,SMP0000118
DB00215,SMP0000424
DB00215,SMP0000627
DB00227,SMP0000099
DB00232,SMP0000081
DB00238,SMP0000642
DB00238,SMP0000743
DB00252,SMP0000327
DB00252,SMP0000326
DB00252,SMP0000618
DB00254,SMP0000291
DB00256,SMP0000295
DB00264,SMP0000302
DB00266,SMP0000270
DB00266,SMP0000656
DB00270,SMP0000378
DB00272,SMP0000736
DB00275,SMP0000163
DB00277,SMP0000028
DB00278,SMP0000276
DB00279,SMP0000716
DB00280,SMP0000325
DB00281,SMP0000328
DB00281,SMP0000398
DB00281,SMP0000620
DB00282,SMP0000117
DB00283,SMP0058891
DB00285,SMP0000636
DB00295,SMP0000406
DB00295,SMP0000405
DB00295,SMP0000623
DB00295,SMP0000407
DB00295,SMP0000621
DB00295,SMP0000622
DB00296,SMP0000404
DB00297,SMP0000393
DB00300,SMP0000630
DB00302,SMP0000287
DB00308,SMP0000332
DB00309,SMP0000438
DB00310,SMP0000122
DB00313,SMP0000635
DB00316,SMP0000640
DB00316,SMP0000710
DB00317,SMP0000473
DB00318,SMP0000621
DB00318,SMP0000405
DB00327,SMP0000410
DB00328,SMP0000104
DB00333,SMP0000408
DB00333,SMP0000624
DB00335,SMP0000298
DB00338,SMP0000613
DB00338,SMP0000226
DB00341,SMP0059058
DB00342,SMP0060208
DB00343,SMP0000359
DB00352,SMP0000430
DB00352,SMP0000647
DB00354,SMP0058964
DB00360,SMP0000063
DB00360,SMP0000362
DB00360,SMP0000486
DB00360,SMP0000504
DB00360,SMP0000505
DB00360,SMP0000650
DB00360,SMP0000006
DB00360,SMP0000020
DB00360,SMP0000188
DB00360,SMP0000218
DB00360,SMP0000360
DB00360,SMP0000361
DB00360,SMP0000429
DB00360,SMP0000487
DB00360,SMP0000488
DB00360,SMP0000507
DB00360,SMP0000005
DB00360,SMP0000169
DB00360,SMP0000190
DB00360,SMP0000207
DB00360,SMP0000208
DB00360,SMP0000363
DB00360,SMP0000489
DB00360,SMP0000490
DB00360,SMP0000491
DB00360,SMP0000494
DB00360,SMP0000498
DB00360,SMP0000506
DB00360,SMP0000533
DB00360,SMP0063777
DB00361,SMP0000439
DB00366,SMP0058803
DB00368,SMP0000170
DB00368,SMP0000392
DB00368,SMP0000393
DB00368,SMP0000398
DB00368,SMP0000403
DB00368,SMP0000405
DB00368,SMP0000410
DB00368,SMP0000415
DB00368,SMP0000417
DB00368,SMP0000678
DB00368,SMP0000680
DB00368,SMP0000689
DB00368,SMP0000690
DB00368,SMP0000169
DB00368,SMP0000190
DB00368,SMP0000400
DB00368,SMP0000406
DB00368,SMP0000411
DB00368,SMP0000412
DB00368,SMP0000416
DB00368,SMP0000426
DB00368,SMP0000431
DB00368,SMP0000494
DB00368,SMP0000497
DB00368,SMP0000498
DB00368,SMP0000533
DB00368,SMP0000672
DB00368,SMP0000674
DB00368,SMP0000679
DB00368,SMP0000683
DB00370,SMP0062885
DB00371,SMP0000469
DB00371,SMP0000607
DB00373,SMP0000659
DB00379,SMP0000329
DB00381,SMP0000376
DB00384,SMP0000132
DB00393,SMP0000380
DB00396,SMP0000371
DB00396,SMP0000575
DB00396,SMP0000717
DB00396,SMP0000372
DB00396,SMP0000577
DB00396,SMP0000718
DB00396,SMP0000130
DB00396,SMP0000373
DB00396,SMP0000566
DB00396,SMP0000576
DB00396,SMP0000578
DB00398,SMP0000648
DB00399,SMP0000107
DB00401,SMP0000381
DB00405,SMP0057580
DB00407,SMP0000272
DB00407,SMP0000275
DB00412,SMP0000653
DB00421,SMP0000134
DB00427,SMP0057581
DB00434,SMP0059694
DB00435,SMP0000362
DB00435,SMP0000504
DB00435,SMP0000505
DB00435,SMP0000020
DB00435,SMP0000188
DB00435,SMP0000360
DB00435,SMP0000361
DB00435,SMP0000507
DB00435,SMP0000207
DB00435,SMP0000208
DB00435,SMP0000363
DB00435,SMP0000506
DB00435,SMP0063777
DB00436,SMP0000090
DB00439,SMP0000111
DB00441,SMP0000603
DB00441,SMP0000446
DB00444,SMP0000443
DB00444,SMP0000602
DB00446,SMP0000729
DB00448,SMP0000614
DB00448,SMP0000227
DB00451,SMP0000716
DB00452,SMP0000256
DB00453,SMP0000262
DB00455,SMP0060195
DB00458,SMP0000422
DB00458,SMP0000625
DB00461,SMP0000114
DB00465,SMP0000098
DB00469,SMP0000706
DB00472,SMP0000646
DB00472,SMP0000426
DB00479,SMP0000253
DB00482,SMP0000096
DB00482,SMP0000644
DB00489,SMP0000660
DB00492,SMP0000149
DB00492,SMP0000594
DB00495,SMP0000747
DB00497,SMP0000409
DB00498,SMP0000655
DB00500,SMP0000704
DB00501,SMP0000232
DB00501,SMP0000617
DB00504,SMP0000683
DB00513,SMP0000286
DB00519,SMP0000157
DB00519,SMP0000599
DB00521,SMP0000658
DB00523,SMP0000074
DB00523,SMP0000336
DB00524,SMP0000105
DB00527,SMP0000396
DB00530,SMP0000472
DB00531,SMP0000447
DB00531,SMP0000604
DB00533,SMP0000087
DB00541,SMP0000437
DB00542,SMP0000145
DB00542,SMP0000591
DB00544,SMP0000469
DB00544,SMP0000470
DB00544,SMP0000607
DB00544,SMP0000608
DB00554,SMP0000077
DB00557,SMP0058936
DB00560,SMP0000712
DB00563,SMP0000432
DB00564,SMP0000634
DB00568,SMP0059110
DB00569,SMP0000273
DB00570,SMP0000436
DB00571,SMP0000307
DB00573,SMP0000696
DB00580,SMP0000116
DB00583,SMP0000052
DB00583,SMP0000539
DB00583,SMP0000541
DB00583,SMP0000051
DB00583,SMP0000465
DB00583,SMP0000482
DB00583,SMP0000538
DB00583,SMP0000540
DB00583,SMP0000545
DB00583,SMP0000030
DB00583,SMP0000181
DB00583,SMP0000185
DB00583,SMP0000235
DB00583,SMP0000516
DB00583,SMP0000517
DB00583,SMP0000542
DB00584,SMP0000593
DB00584,SMP0000148
DB00585,SMP0000233
DB00586,SMP0000093
DB00594,SMP0000133
DB00595,SMP0000293
DB00598,SMP0000368
DB00605,SMP0000094
DB00606,SMP0000103
DB00612,SMP0000300
DB00618,SMP0000290
DB00619,SMP0031694
DB00624,SMP0000356
DB00624,SMP0030406
DB00624,SMP0000068
DB00624,SMP0000565
DB00625,SMP0000740
DB00627,SMP0000048
DB00630,SMP0000095
DB00635,SMP0000440
DB00635,SMP0000631
DB00637,SMP0059897
DB00640,SMP0000033
DB00640,SMP0000144
DB00640,SMP0000168
DB00640,SMP0000203
DB00640,SMP0000221
DB00640,SMP0000427
DB00640,SMP0000430
DB00640,SMP0000513
DB00640,SMP0000167
DB00640,SMP0000214
DB00640,SMP0000220
DB00640,SMP0000222
DB00640,SMP0000340
DB00640,SMP0000341
DB00640,SMP0000512
DB00640,SMP0000536
DB00640,SMP0000537
DB00640,SMP0000570
DB00640,SMP0000029
DB00640,SMP0000050
DB00640,SMP0000123
DB00640,SMP0000177
DB00640,SMP0000210
DB00640,SMP0000320
DB00640,SMP0000321
DB00640,SMP0000364
DB00640,SMP0000365
DB00640,SMP0000428
DB00640,SMP0000535
DB00641,SMP0000082
DB00647,SMP0000672
DB00649,SMP0000745
DB00650,SMP0000543
DB00650,SMP0000053
DB00650,SMP0000432
DB00650,SMP0000724
DB00652,SMP0000686
DB00655,SMP0000532
DB00655,SMP0030880
DB00655,SMP0000068
DB00655,SMP0000565
DB00655,SMP0000041
DB00655,SMP0000356
DB00655,SMP0030406
DB00661,SMP0000375
DB00668,SMP0000170
DB00668,SMP0000006
DB00668,SMP0000012
DB00668,SMP0000218
DB00668,SMP0000429
DB00668,SMP0000169
DB00668,SMP0000190
DB00668,SMP0000494
DB00668,SMP0000497
DB00668,SMP0000498
DB00668,SMP0000533
DB00668,SMP0000661
DB00670,SMP0000246
DB00675,SMP0000606
DB00675,SMP0000471
DB00678,SMP0000162
DB00682,SMP0000268
DB00684,SMP0000711
DB00688,SMP0000652
DB00691,SMP0000151
DB00691,SMP0000595
DB00695,SMP0000115
DB00700,SMP0000135
DB00704,SMP0000687
DB00705,SMP0000738
DB00708,SMP0000417
DB00709,SMP0000649
DB00709,SMP0000742
DB00710,SMP0000079
DB00712,SMP0000697
DB00718,SMP0000629
DB00719,SMP0059865
DB00721,SMP0000402
DB00722,SMP0000150
DB00731,SMP0000453
DB00736,SMP0000612
DB00736,SMP0000225
DB00737,SMP0058956
DB00741,SMP0000372
DB00741,SMP0000577
DB00741,SMP0000718
DB00741,SMP0000310
DB00741,SMP0000371
DB00741,SMP0000575
DB00741,SMP0000717
DB00741,SMP0000130
DB00741,SMP0000373
DB00741,SMP0000566
DB00741,SMP0000576
DB00741,SMP0000578
DB00748,SMP0058797
DB00749,SMP0000084
DB00750,SMP0000401
DB00751,SMP0061191
DB00755,SMP0000074
DB00755,SMP0000336
DB00758,SMP0000260
DB00758,SMP0000610
DB00759,SMP0000294
DB00762,SMP0000600
DB00762,SMP0000433
DB00768,SMP0060740
DB00773,SMP0000601
DB00773,SMP0000442
DB00774,SMP0000108
DB00775,SMP0000267
DB00776,SMP0000634
DB00777,SMP0062625
DB00778,SMP0000251
DB00783,SMP0030880
DB00783,SMP0000356
DB00783,SMP0000068
DB00783,SMP0000565
DB00784,SMP0000109
DB00788,SMP0000120
DB00790,SMP0000152
DB00792,SMP0057587
DB00796,SMP0000158
DB00798,SMP0000254
DB00802,SMP0000413
DB00807,SMP0000403
DB00808,SMP0000110
DB00812,SMP0000701
DB00813,SMP0000415
DB00814,SMP0000106
DB00821,SMP0000694
DB00822,SMP0000429
DB00835,SMP0057579
DB00841,SMP0000662
DB00844,SMP0000691
DB00847,SMP0000021
DB00847,SMP0000027
DB00854,SMP0000673
DB00855,SMP0000004
DB00855,SMP0000024
DB00855,SMP0000223
DB00855,SMP0000244
DB00855,SMP0000344
DB00855,SMP0000346
DB00855,SMP0000179
DB00855,SMP0000242
DB00855,SMP0000342
DB00855,SMP0000345
DB00855,SMP0000484
DB00855,SMP0000485
DB00855,SMP0000721
DB00860,SMP0000440
DB00860,SMP0000441
DB00860,SMP0000631
DB00860,SMP0000632
DB00861,SMP0000289
DB00863,SMP0000230
DB00866,SMP0000297
DB00870,SMP0000101
DB00876,SMP0000159
DB00879,SMP0000741
DB00880,SMP0000078
DB00881,SMP0000596
DB00881,SMP0000153
DB00884,SMP0000112
DB00887,SMP0000088
DB00892,SMP0000400
DB00898,SMP0000429
DB00898,SMP0000449
DB00899,SMP0000416
DB00900,SMP0000739
DB00902,SMP0059730
DB00903,SMP0000097
DB00907,SMP0000395
DB00908,SMP0000323
DB00912,SMP0000454
DB00913,SMP0000674
DB00917,SMP0000077
DB00917,SMP0000087
DB00917,SMP0000093
DB00917,SMP0000094
DB00917,SMP0000114
DB00917,SMP0000116
DB00917,SMP0000692
DB00917,SMP0000697
DB00917,SMP0000702
DB00917,SMP0000075
DB00917,SMP0000083
DB00917,SMP0000098
DB00917,SMP0000102
DB00917,SMP0000106
DB00917,SMP0000109
DB00917,SMP0000113
DB00917,SMP0000120
DB00917,SMP0000694
DB00917,SMP0000695
DB00917,SMP0000699
DB00917,SMP0000701
DB00917,SMP0000707
DB00917,SMP0000708
DB00917,SMP0000710
DB00917,SMP0000084
DB00917,SMP0000085
DB00917,SMP0000086
DB00917,SMP0000096
DB00917,SMP0000101
DB00917,SMP0000104
DB00919,SMP0000258
DB00920,SMP0059868
DB00921,SMP0000684
DB00927,SMP0000231
DB00931,SMP0000727
DB00936,SMP0000709
DB00943,SMP0000746
DB00945,SMP0000083
DB00946,SMP0000271
DB00949,SMP0000633
DB00950,SMP0060218
DB00955,SMP0000257
DB00956,SMP0000411
DB00960,SMP0000306
DB00961,SMP0000399
DB00963,SMP0000102
DB00966,SMP0000164
DB00967,SMP0060201
DB00972,SMP0060741
DB00975,SMP0000264
DB00976,SMP0000252
DB00988,SMP0000170
DB00988,SMP0000392
DB00988,SMP0000393
DB00988,SMP0000398
DB00988,SMP0000403
DB00988,SMP0000405
DB00988,SMP0000410
DB00988,SMP0000415
DB00988,SMP0000417
DB00988,SMP0000678
DB00988,SMP0000680
DB00988,SMP0000689
DB00988,SMP0000690
DB00988,SMP0000169
DB00988,SMP0000190
DB00988,SMP0000308
DB00988,SMP0000400
DB00988,SMP0000406
DB00988,SMP0000411
DB00988,SMP0000412
DB00988,SMP0000416
DB00988,SMP0000426
DB00988,SMP0000431
DB00988,SMP0000494
DB00988,SMP0000497
DB00988,SMP0000498
DB00988,SMP0000533
DB00988,SMP0000672
DB00988,SMP0000674
DB00988,SMP0000679
DB00991,SMP0000113
DB00993,SMP0000427
DB00993,SMP0000645
DB00997,SMP0000650
DB00999,SMP0000100
DB01002,SMP0000397
DB01009,SMP0000085
DB01016,SMP0000460
DB01017,SMP0000292
DB01021,SMP0000121
DB01022,SMP0000272
DB01022,SMP0000273
DB01022,SMP0000278
DB01022,SMP0000280
DB01022,SMP0000281
DB01022,SMP0000284
DB01022,SMP0000655
DB01022,SMP0000268
DB01022,SMP0000269
DB01022,SMP0000270
DB01022,SMP0000276
DB01022,SMP0000279
DB01022,SMP0000283
DB01022,SMP0000286
DB01022,SMP0000656
DB01022,SMP0000271
DB01022,SMP0000274
DB01022,SMP0000275
DB01022,SMP0000277
DB01022,SMP0000282
DB01022,SMP0000285
DB01022,SMP0000287
DB01022,SMP0000288
DB01022,SMP0000464
DB01022,SMP0000586
DB01023,SMP0000619
DB01023,SMP0000377
DB01024,SMP0000652
DB01029,SMP0000161
DB01033,SMP0000428
DB01033,SMP0000645
DB01033,SMP0000427
DB01033,SMP0000430
DB01033,SMP0000609
DB01035,SMP0000324
DB01048,SMP0000737
DB01050,SMP0000086
DB01050,SMP0000590
DB01054,SMP0000382
DB01056,SMP0000330
DB01064,SMP0000663
DB01065,SMP0000063
DB01069,SMP0059211
DB01071,SMP0059720
DB01075,SMP0058785
DB01081,SMP0000675
DB01082,SMP0000259
DB01084,SMP0061040
DB01086,SMP0000392
DB01095,SMP0000119
DB01098,SMP0000092
DB01101,SMP0000469
DB01101,SMP0000607
DB01102,SMP0000664
DB01106,SMP0060224
DB01109,SMP0000274
DB01109,SMP0000358
DB01114,SMP0056661
DB01115,SMP0000379
DB01118,SMP0000665
DB01120,SMP0000461
DB01129,SMP0000616
DB01129,SMP0000229
DB01136,SMP0000367
DB01142,SMP0059872
DB01142,SMP0000641
DB01146,SMP0058908
DB01151,SMP0000422
DB01151,SMP0000423
DB01151,SMP0000625
DB01151,SMP0000626
DB01161,SMP0000394
DB01166,SMP0000263
DB01172,SMP0000255
DB01173,SMP0058808
DB01175,SMP0000425
DB01176,SMP0058923
DB01180,SMP0000155
DB01181,SMP0000605
DB01181,SMP0000448
DB01183,SMP0000688
DB01190,SMP0000249
DB01192,SMP0000412
DB01193,SMP0000296
DB01195,SMP0000331
DB01197,SMP0000146
DB01203,SMP0000303
DB01209,SMP0000676
DB01210,SMP0000666
DB01211,SMP0000248
DB01214,SMP0000667
DB01224,SMP0062884
DB01227,SMP0000677
DB01227,SMP0000638
DB01229,SMP0000434
DB01235,SMP0000170
DB01235,SMP0000006
DB01235,SMP0000012
DB01235,SMP0000218
DB01235,SMP0000429
DB01235,SMP0000169
DB01235,SMP0000190
DB01235,SMP0000494
DB01235,SMP0000497
DB01235,SMP0000498
DB01235,SMP0000533
DB01237,SMP0058813
DB01242,SMP0000639
DB01246,SMP0059689
DB01248,SMP0000435
DB01254,SMP0031696
DB01269,SMP0000475
DB01283,SMP0000699
DB01295,SMP0000668
DB01296,SMP0000045
DB01296,SMP0000534
DB01296,SMP0000216
DB01296,SMP0000217
DB01296,SMP0000240
DB01296,SMP0000390
DB01297,SMP0000669
DB01301,SMP0000726
DB01320,SMP0000326
DB01320,SMP0000618
DB01321,SMP0000731
DB01324,SMP0000080
DB01325,SMP0000091
DB01340,SMP0000147
DB01340,SMP0000592
DB01342,SMP0000160
DB01345,SMP0000040
DB01345,SMP0000081
DB01345,SMP0000100
DB01345,SMP0000105
DB01345,SMP0000115
DB01345,SMP0000118
DB01345,SMP0000132
DB01345,SMP0000167
DB01345,SMP0000189
DB01345,SMP0000197
DB01345,SMP0000214
DB01345,SMP0000220
DB01345,SMP0000222
DB01345,SMP0000225
DB01345,SMP0000226
DB01345,SMP0000227
DB01345,SMP0000228
DB01345,SMP0000229
DB01345,SMP0000230
DB01345,SMP0000231
DB01345,SMP0000245
DB01345,SMP0000246
DB01345,SMP0000297
DB01345,SMP0000324
DB01345,SMP0000328
DB01345,SMP0000340
DB01345,SMP0000341
DB01345,SMP0000380
DB01345,SMP0000381
DB01345,SMP0000392
DB01348,SMP0000156
DB01348,SMP0000598
DB01359,SMP0000305
DB01373,SMP0000018
DB01373,SMP0000034
DB01373,SMP0000053
DB01373,SMP0000068
DB01373,SMP0000070
DB01373,SMP0000075
DB01373,SMP0000083
DB01373,SMP0000098
DB01373,SMP0000102
DB01373,SMP0000106
DB01373,SMP0000109
DB01373,SMP0000113
DB01373,SMP0000120
DB01373,SMP0000129
DB01373,SMP0000167
DB01373,SMP0000206
DB01373,SMP0000220
DB01373,SMP0000271
DB01373,SMP0000274
DB01373,SMP0000275
DB01373,SMP0000277
DB01373,SMP0000282
DB01373,SMP0000285
DB01373,SMP0000287
DB01373,SMP0000288
DB01373,SMP0000297
DB01373,SMP0000324
DB01373,SMP0000328
DB01373,SMP0000349
DB01373,SMP0000358
DB01378,SMP0000010
DB01378,SMP0000030
DB01378,SMP0000034
DB01378,SMP0000040
DB01378,SMP0000045
DB01378,SMP0000053
DB01378,SMP0000064
DB01378,SMP0000070
DB01378,SMP0000075
DB01378,SMP0000083
DB01378,SMP0000098
DB01378,SMP0000099
DB01378,SMP0000102
DB01378,SMP0000106
DB01378,SMP0000109
DB01378,SMP0000111
DB01378,SMP0000113
DB01378,SMP0000120
DB01378,SMP0000126
DB01378,SMP0000167
DB01378,SMP0000179
DB01378,SMP0000181
DB01378,SMP0000185
DB01378,SMP0000206
DB01378,SMP0000209
DB01378,SMP0000214
DB01378,SMP0000220
DB01378,SMP0000222
DB01378,SMP0000235
DB01378,SMP0000242
DB01397,SMP0000698
DB01399,SMP0000707
DB01401,SMP0000703
DB01412,SMP0000028
DB01418,SMP0000269
DB01419,SMP0000693
DB01421,SMP0000714
DB01433,SMP0000678
DB01435,SMP0000692
DB01439,SMP0000679
DB01444,SMP0000680
DB01452,SMP0000407
DB01452,SMP0000623
DB01466,SMP0000681
DB01535,SMP0000414
DB01536,SMP0000356
DB01536,SMP0030406
DB01536,SMP0000068
DB01536,SMP0000565
DB01561,SMP0030406
DB01565,SMP0000689
DB01580,SMP0000304
DB01592,SMP0000010
DB01592,SMP0000013
DB01592,SMP0000030
DB01592,SMP0000063
DB01592,SMP0000099
DB01592,SMP0000111
DB01592,SMP0000170
DB01592,SMP0000206
DB01592,SMP0000209
DB01592,SMP0000316
DB01592,SMP0000336
DB01592,SMP0000342
DB01592,SMP0000345
DB01592,SMP0000388
DB01592,SMP0000389
DB01592,SMP0000496
DB01592,SMP0000510
DB01592,SMP0000518
DB01592,SMP0000579
DB01592,SMP0000722
DB01592,SMP0002295
DB01592,SMP0000006
DB01592,SMP0000011
DB01592,SMP0000012
DB01592,SMP0000021
DB01592,SMP0000024
DB01592,SMP0000031
DB01592,SMP0000043
DB01592,SMP0000046
DB01592,SMP0000082
DB01593,SMP0000005
DB01593,SMP0000007
DB01593,SMP0000017
DB01593,SMP0000033
DB01593,SMP0000067
DB01593,SMP0000074
DB01593,SMP0000077
DB01593,SMP0000087
DB01593,SMP0000093
DB01593,SMP0000094
DB01593,SMP0000114
DB01593,SMP0000116
DB01593,SMP0000136
DB01593,SMP0000144
DB01593,SMP0000145
DB01593,SMP0000153
DB01593,SMP0000154
DB01593,SMP0000155
DB01593,SMP0000159
DB01593,SMP0000161
DB01593,SMP0000162
DB01593,SMP0000165
DB01593,SMP0000168
DB01593,SMP0000169
DB01593,SMP0000172
DB01593,SMP0000175
DB01593,SMP0000178
DB01593,SMP0000182
DB01593,SMP0000183
DB01593,SMP0000190
DB01600,SMP0000705
DB01619,SMP0061190
DB01620,SMP0056662
DB01627,SMP0000728
DB01628,SMP0000695
DB01632,SMP0000167
DB01632,SMP0000220
DB01632,SMP0000385
DB01632,SMP0000512
DB01632,SMP0000518
DB01632,SMP0000536
DB01632,SMP0000537
DB01632,SMP0000031
DB01632,SMP0000046
DB01632,SMP0000050
DB01632,SMP0000072
DB01632,SMP0000202
DB01632,SMP0000210
DB01632,SMP0000339
DB01632,SMP0000364
DB01632,SMP0000365
DB01632,SMP0000428
DB01632,SMP0000519
DB01632,SMP0000535
DB01632,SMP0000048
DB01632,SMP0000136
DB01632,SMP0000144
DB01632,SMP0000168
DB01632,SMP0000172
DB01632,SMP0000178
DB01632,SMP0000203
DB01632,SMP0000219
DB01632,SMP0000243
DB01632,SMP0000427
DB01632,SMP0000430
DB01638,SMP0000182
DB01638,SMP0000064
DB01638,SMP0000043
DB01638,SMP0000561
DB01638,SMP0000725
DB01643,SMP0000046
DB01643,SMP0000202
DB01643,SMP0000172
DB01643,SMP0000178
DB01643,SMP0000219
DB01700,SMP0000167
DB01700,SMP0000220
DB01700,SMP0000512
DB01700,SMP0000536
DB01700,SMP0000537
DB01700,SMP0000050
DB01700,SMP0000210
DB01700,SMP0000364
DB01700,SMP0000365
DB01700,SMP0000428
DB01700,SMP0000535
DB01700,SMP0000144
DB01700,SMP0000168
DB01700,SMP0000203
DB01700,SMP0000427
DB01700,SMP0000430
DB01700,SMP0000513
DB01702,SMP0000006
DB01702,SMP0000218
DB01702,SMP0000429
DB01702,SMP0000169
DB01702,SMP0000190
DB01702,SMP0000494
DB01702,SMP0000498
DB01702,SMP0000533
DB01709,SMP0000128
DB01709,SMP0000574
DB01709,SMP0000581
DB01709,SMP0000040
DB01709,SMP0000531
DB01709,SMP0000560
DB01709,SMP0000573
DB01709,SMP0000374
DB01709,SMP0000562
DB01709,SMP0000563
DB01709,SMP0000572
DB01709,SMP0000654
DB01729,SMP0000011
DB01729,SMP0000462
DB01758,SMP0000716
DB01762,SMP0000006
DB01762,SMP0000073
DB01762,SMP0000137
DB01762,SMP0000139
DB01762,SMP0000173
DB01762,SMP0000218
DB01762,SMP0000370
DB01762,SMP0000429
DB01762,SMP0000456
DB01762,SMP0000524
DB01762,SMP0000008
DB01762,SMP0000071
DB01762,SMP0000138
DB01762,SMP0000169
DB01762,SMP0000190
DB01762,SMP0000200
DB01762,SMP0000369
DB01762,SMP0000494
DB01762,SMP0000498
DB01762,SMP0000523
DB01762,SMP0000533
DB01762,SMP0000032
DB01762,SMP0000140
DB01762,SMP0000141
DB01762,SMP0000199
DB01762,SMP0000206
DB01762,SMP0000236
DB01762,SMP0000237
DB01762,SMP0000238
DB01762,SMP0000384
DB01783,SMP0000493
DB01783,SMP0000007
DB01783,SMP0000027
DB01783,SMP0000351
DB01783,SMP0000492
DB01785,SMP0000099
DB01785,SMP0000111
DB01785,SMP0000209
DB01785,SMP0000388
DB01785,SMP0000389
DB01785,SMP0000510
DB01785,SMP0000082
DB01785,SMP0000089
DB01785,SMP0000092
DB01785,SMP0000107
DB01785,SMP0000117
DB01785,SMP0000119
DB01785,SMP0000319
DB01785,SMP0000508
DB01785,SMP0000023
DB01785,SMP0000079
DB01785,SMP0000095
DB01785,SMP0000112
DB01785,SMP0000131
DB01785,SMP0000386
DB01785,SMP0000387
DB01785,SMP0000509
DB01785,SMP0000511
DB01796,SMP0000048
DB01796,SMP0000063
DB01819,SMP0000374
DB01819,SMP0000562
DB01819,SMP0000563
DB01819,SMP0000572
DB01819,SMP0000654
DB01819,SMP0000040
DB01819,SMP0000045
DB01819,SMP0000531
DB01819,SMP0000534
DB01819,SMP0000559
DB01819,SMP0000560
DB01819,SMP0000573
DB01819,SMP0000060
DB01819,SMP0000128
DB01819,SMP0000196
DB01819,SMP0000212
DB01819,SMP0000216
DB01819,SMP0000217
DB01819,SMP0000240
DB01819,SMP0000334
DB01819,SMP0000390
DB01819,SMP0000558
DB01819,SMP0000574
DB01819,SMP0000581
DB01822,SMP0000464
DB01828,SMP0000627
DB01828,SMP0000006
DB01828,SMP0000218
DB01828,SMP0000424
DB01828,SMP0000429
DB01828,SMP0000169
DB01828,SMP0000190
DB01828,SMP0000494
DB01828,SMP0000498
DB01828,SMP0000533
DB01839,SMP0000559
DB01839,SMP0000060
DB01839,SMP0000196
DB01839,SMP0000212
DB01839,SMP0000334
DB01839,SMP0000558
DB01849,SMP0000493
DB01849,SMP0000046
DB01849,SMP0000202
DB01849,SMP0000007
DB01849,SMP0000172
DB01849,SMP0000178
DB01849,SMP0000219
DB01849,SMP0000351
DB01849,SMP0000492
DB01861,SMP0000043
DB01861,SMP0000058
DB01861,SMP0000348
DB01861,SMP0000444
DB01861,SMP0000552
DB01861,SMP0000553
DB01861,SMP0000182
DB01861,SMP0000347
DB01861,SMP0000495
DB01861,SMP0000556
DB01861,SMP0000557
DB01861,SMP0000580
DB01861,SMP0000010
DB01861,SMP0000034
DB01861,SMP0000349
DB01861,SMP0000496
DB01861,SMP0000525
DB01861,SMP0000526
DB01861,SMP0000554
DB01861,SMP0000555
DB01861,SMP0000579
DB01917,SMP0000177
DB01917,SMP0000033
DB01917,SMP0000221
DB01917,SMP0000445
DB01917,SMP0000214
DB01917,SMP0000222
DB01917,SMP0000340
DB01917,SMP0000341
DB01917,SMP0000570
DB01942,SMP0000082
DB01942,SMP0000089
DB01942,SMP0000092
DB01942,SMP0000107
DB01942,SMP0000117
DB01942,SMP0000119
DB01942,SMP0000319
DB01942,SMP0000487
DB01942,SMP0000488
DB01942,SMP0000508
DB01942,SMP0000543
DB01942,SMP0000053
DB01942,SMP0000063
DB01942,SMP0000068
DB01942,SMP0000099
DB01942,SMP0000111
DB01942,SMP0000209
DB01942,SMP0000388
DB01942,SMP0000389
DB01942,SMP0000486
DB01942,SMP0000510
DB01942,SMP0000565
DB01942,SMP0000005
DB01942,SMP0000023
DB01942,SMP0000079
DB01942,SMP0000095
DB01942,SMP0000112
DB01942,SMP0000131
DB01942,SMP0000356
DB01942,SMP0000386
DB01956,SMP0000316
DB01956,SMP0000021
DB01956,SMP0000314
DB01956,SMP0000720
DB01956,SMP0000035
DB01956,SMP0000315
DB01956,SMP0000317
DB01956,SMP0000318
DB01971,SMP0000009
DB01971,SMP0000044
DB01971,SMP0000191
DB01972,SMP0000050
DB01972,SMP0000072
DB01972,SMP0000210
DB01972,SMP0000248
DB01972,SMP0000251
DB01972,SMP0000254
DB01972,SMP0000293
DB01972,SMP0000294
DB01972,SMP0000339
DB01972,SMP0000364
DB01972,SMP0000365
DB01972,SMP0000428
DB01972,SMP0000535
DB01972,SMP0000713
DB01972,SMP0000730
DB01972,SMP0000731
DB01972,SMP0000167
DB01972,SMP0000220
DB01972,SMP0000247
DB01972,SMP0000249
DB01972,SMP0000250
DB01972,SMP0000255
DB01972,SMP0000256
DB01972,SMP0000257
DB01972,SMP0000259
DB01972,SMP0000262
DB01972,SMP0000385
DB01972,SMP0000512
DB01972,SMP0000536
DB01972,SMP0000537
DB02056,SMP0000077
DB02056,SMP0000087
DB02056,SMP0000093
DB02056,SMP0000094
DB02056,SMP0000114
DB02056,SMP0000116
DB02056,SMP0000692
DB02056,SMP0000697
DB02056,SMP0000702
DB02056,SMP0000084
DB02056,SMP0000085
DB02056,SMP0000086
DB02056,SMP0000096
DB02056,SMP0000101
DB02056,SMP0000104
DB02056,SMP0000289
DB02056,SMP0000353
DB02056,SMP0000693
DB02056,SMP0000696
DB02056,SMP0000698
DB02056,SMP0000700
DB02056,SMP0000703
DB02056,SMP0000704
DB02056,SMP0000705
DB02056,SMP0000706
DB02056,SMP0000709
DB02056,SMP0000075
DB02056,SMP0000083
DB02056,SMP0000098
DB02056,SMP0000102
DB02070,SMP0000063
DB02074,SMP0000456
DB02083,SMP0000004
DB02083,SMP0000123
DB02083,SMP0000177
DB02083,SMP0002313
DB02083,SMP0000033
DB02083,SMP0000221
DB02083,SMP0000223
DB02083,SMP0000244
DB02083,SMP0000179
DB02083,SMP0000214
DB02083,SMP0000222
DB02083,SMP0000242
DB02083,SMP0000340
DB02083,SMP0000341
DB02083,SMP0000484
DB02083,SMP0000485
DB02083,SMP0000570
DB02083,SMP0000721
DB02129,SMP0000046
DB02129,SMP0000202
DB02129,SMP0000172
DB02129,SMP0000178
DB02129,SMP0000219
DB02134,SMP0000167
DB02134,SMP0000220
DB02134,SMP0000512
DB02134,SMP0000536
DB02134,SMP0000537
DB02134,SMP0000050
DB02134,SMP0000210
DB02134,SMP0000364
DB02134,SMP0000365
DB02134,SMP0000428
DB02134,SMP0000535
DB02134,SMP0000144
DB02134,SMP0000168
DB02134,SMP0000203
DB02134,SMP0000427
DB02134,SMP0000430
DB02134,SMP0000513
DB02142,SMP0000017
DB02142,SMP0000503
DB02175,SMP0000456
DB02189,SMP0000739
DB02209,SMP0000017
DB02209,SMP0000503
DB02232,SMP0000006
DB02232,SMP0000218
DB02232,SMP0000429
DB02232,SMP0000169
DB02232,SMP0000190
DB02232,SMP0000494
DB02232,SMP0000498
DB02232,SMP0000533
DB02238,SMP0000177
DB02238,SMP0000033
DB02238,SMP0000221
DB02238,SMP0000214
DB02238,SMP0000222
DB02238,SMP0000340
DB02238,SMP0000341
DB02238,SMP0000570
DB02262,SMP0000046
DB02262,SMP0000202
DB02262,SMP0000172
DB02262,SMP0000178
DB02262,SMP0000219
DB02263,SMP0000374
DB02263,SMP0000520
DB02263,SMP0000562
DB02263,SMP0000563
DB02263,SMP0000572
DB02263,SMP0000654
DB02263,SMP0000040
DB02263,SMP0000064
DB02263,SMP0000124
DB02263,SMP0000518
DB02263,SMP0000531
DB02263,SMP0000560
DB02263,SMP0000573
DB02263,SMP0000031
DB02263,SMP0000128
DB02263,SMP0000355
DB02263,SMP0000519
DB02263,SMP0000561
DB02263,SMP0000574
DB02263,SMP0000581
DB02263,SMP0000725
DB02285,SMP0000024
DB02285,SMP0000344
DB02285,SMP0000346
DB02285,SMP0000342
DB02285,SMP0000345
DB02317,SMP0000043
DB02317,SMP0000444
DB02317,SMP0000182
DB02317,SMP0000495
DB02317,SMP0000580
DB02317,SMP0000010
DB02317,SMP0000496
DB02317,SMP0000579
DB02345,SMP0000029
DB02377,SMP0000167
DB02377,SMP0000220
DB02377,SMP0000512
DB02377,SMP0000536
DB02377,SMP0000537
DB02377,SMP0000050
DB02377,SMP0000210
DB02377,SMP0000364
DB02377,SMP0000365
DB02377,SMP0000428
DB02377,SMP0000535
DB02377,SMP0000144
DB02377,SMP0000168
DB02377,SMP0000203
DB02377,SMP0000427
DB02377,SMP0000430
DB02377,SMP0000513
DB02385,SMP0000486
DB02385,SMP0000487
DB02385,SMP0000488
DB02385,SMP0000005
DB02385,SMP0000489
DB02385,SMP0000490
DB02385,SMP0000491
DB02431,SMP0000046
DB02431,SMP0000202
DB02431,SMP0000216
DB02431,SMP0000217
DB02431,SMP0000240
DB02431,SMP0000248
DB02431,SMP0000251
DB02431,SMP0000254
DB02431,SMP0000293
DB02431,SMP0000294
DB02431,SMP0000390
DB02431,SMP0000713
DB02431,SMP0000730
DB02431,SMP0000731
DB02431,SMP0014216
DB02431,SMP0014218
DB02431,SMP0014220
DB02431,SMP0014224
DB02431,SMP0014228
DB02431,SMP0014229
DB02431,SMP0014230
DB02431,SMP0014233
DB02431,SMP0014235
DB02431,SMP0014240
DB02431,SMP0014242
DB02431,SMP0014245
DB02431,SMP0014248
DB02431,SMP0014249
DB02431,SMP0014255
DB02431,SMP0014267
DB02515,SMP0000124
DB02515,SMP0000187
DB02515,SMP0015901
DB02515,SMP0015910
DB02515,SMP0015911
DB02515,SMP0015912
DB02515,SMP0015915
DB02515,SMP0015916
DB02515,SMP0015918
DB02515,SMP0015922
DB02515,SMP0015924
DB02515,SMP0015926
DB02515,SMP0015935
DB02515,SMP0015938
DB02515,SMP0015939
DB02515,SMP0015949
DB02515,SMP0015950
DB02515,SMP0015951
DB02515,SMP0015952
DB02515,SMP0015957
DB02515,SMP0015960
DB02515,SMP0015962
DB02515,SMP0015963
DB02515,SMP0015971
DB02515,SMP0015972
DB02515,SMP0015973
DB02515,SMP0015983
DB02515,SMP0015984
DB02515,SMP0015985
DB02515,SMP0015987
DB02527,SMP0000144
DB02527,SMP0000168
DB02527,SMP0000203
DB02527,SMP0000308
DB02527,SMP0000309
DB02527,SMP0000354
DB02527,SMP0000427
DB02527,SMP0000430
DB02527,SMP0000513
DB02527,SMP0063756
DB02527,SMP0063757
DB02527,SMP0000167
DB02527,SMP0000220
DB02527,SMP0000312
DB02527,SMP0000322
DB02527,SMP0000335
DB02527,SMP0000343
DB02527,SMP0000512
DB02527,SMP0000536
DB02527,SMP0000537
DB02527,SMP0063746
DB02527,SMP0063753
DB02527,SMP0063759
DB02527,SMP0000050
DB02527,SMP0000210
DB02527,SMP0000310
DB02527,SMP0000311
DB02527,SMP0000320
DB02527,SMP0000321
DB02527,SMP0000333
DB02530,SMP0000385
DB02530,SMP0000072
DB02530,SMP0000339
DB02530,SMP0000136
DB02530,SMP0000243
DB02530,SMP0000567
DB02552,SMP0000099
DB02552,SMP0000111
DB02552,SMP0000209
DB02552,SMP0000388
DB02552,SMP0000389
DB02552,SMP0000510
DB02552,SMP0000082
DB02552,SMP0000089
DB02552,SMP0000092
DB02552,SMP0000107
DB02552,SMP0000117
DB02552,SMP0000119
DB02552,SMP0000319
DB02552,SMP0000508
DB02552,SMP0000023
DB02552,SMP0000079
DB02552,SMP0000095
DB02552,SMP0000112
DB02552,SMP0000131
DB02552,SMP0000386
DB02552,SMP0000387
DB02552,SMP0000509
DB02552,SMP0000511
DB02577,SMP0000020
DB02577,SMP0000024
DB02577,SMP0000050
DB02577,SMP0000082
DB02577,SMP0000084
DB02577,SMP0000085
DB02577,SMP0000086
DB02577,SMP0000089
DB02577,SMP0000092
DB02577,SMP0000096
DB02577,SMP0000101
DB02577,SMP0000104
DB02577,SMP0000107
DB02577,SMP0000117
DB02577,SMP0000119
DB02577,SMP0000188
DB02577,SMP0000210
DB02577,SMP0000289
DB02577,SMP0000314
DB02577,SMP0000319
DB02577,SMP0000327
DB02577,SMP0000353
DB02577,SMP0000355
DB02577,SMP0000360
DB02577,SMP0000361
DB02577,SMP0000364
DB02577,SMP0000365
DB02577,SMP0000371
DB02577,SMP0000408
DB02577,SMP0000422
DB02579,SMP0000605
DB02579,SMP0000447
DB02579,SMP0000448
DB02579,SMP0000604
DB02655,SMP0000067
DB02655,SMP0000175
DB02655,SMP0000192
DB02659,SMP0000316
DB02659,SMP0000314
DB02659,SMP0000720
DB02659,SMP0000035
DB02659,SMP0000315
DB02659,SMP0000317
DB02659,SMP0000318
DB02688,SMP0000716
DB02699,SMP0000074
DB02699,SMP0000336
DB02701,SMP0000048
DB02745,SMP0000046
DB02745,SMP0000202
DB02745,SMP0000172
DB02745,SMP0000178
DB02745,SMP0000219
DB02751,SMP0000004
DB02751,SMP0000020
DB02751,SMP0000188
DB02751,SMP0000360
DB02751,SMP0000361
DB02751,SMP0000507
DB02751,SMP0000207
DB02751,SMP0000208
DB02751,SMP0000223
DB02751,SMP0000244
DB02751,SMP0000363
DB02751,SMP0000506
DB02751,SMP0000179
DB02751,SMP0000242
DB02751,SMP0000362
DB02751,SMP0000484
DB02751,SMP0000485
DB02751,SMP0000504
DB02751,SMP0000505
DB02751,SMP0000721
DB02767,SMP0000456
DB02838,SMP0000362
DB02838,SMP0000504
DB02838,SMP0000505
DB02838,SMP0000207
DB02838,SMP0000208
DB02838,SMP0000363
DB02838,SMP0000506
DB02838,SMP0000020
DB02838,SMP0000036
DB02838,SMP0000188
DB02838,SMP0000360
DB02838,SMP0000361
DB02838,SMP0000507
DB02854,SMP0030406
DB02857,SMP0000167
DB02857,SMP0000220
DB02857,SMP0000512
DB02857,SMP0000536
DB02857,SMP0000537
DB02857,SMP0000050
DB02857,SMP0000210
DB02857,SMP0000364
DB02857,SMP0000365
DB02857,SMP0000428
DB02857,SMP0000535
DB02857,SMP0000144
DB02857,SMP0000168
DB02857,SMP0000203
DB02857,SMP0000427
DB02857,SMP0000430
DB02857,SMP0000513
DB02867,SMP0000064
DB02867,SMP0000561
DB02867,SMP0000725
DB02897,SMP0000559
DB02897,SMP0000060
DB02897,SMP0000196
DB02897,SMP0000212
DB02897,SMP0000334
DB02897,SMP0000558
DB02951,SMP0000004
DB02951,SMP0000223
DB02951,SMP0000244
DB02951,SMP0000179
DB02951,SMP0000242
DB02951,SMP0000484
DB02951,SMP0000485
DB02951,SMP0000721
DB02957,SMP0000004
DB02957,SMP0000046
DB02957,SMP0000202
DB02957,SMP0000172
DB02957,SMP0000178
DB02957,SMP0000219
DB02957,SMP0000223
DB02957,SMP0000244
DB02957,SMP0000179
DB02957,SMP0000242
DB02957,SMP0000484
DB02957,SMP0000485
DB02957,SMP0000721
DB02959,SMP0000063
DB03017,SMP0000456
DB03017,SMP0000052
DB03017,SMP0000481
DB03017,SMP0000516
DB03017,SMP0000517
DB03066,SMP0000559
DB03066,SMP0000060
DB03066,SMP0000196
DB03066,SMP0000212
DB03066,SMP0000334
DB03066,SMP0000459
DB03066,SMP0000558
DB03088,SMP0000501
DB03088,SMP0000183
DB03088,SMP0000500
DB03088,SMP0000015
DB03088,SMP0000143
DB03088,SMP0000337
DB03101,SMP0000167
DB03101,SMP0000220
DB03101,SMP0000512
DB03101,SMP0000518
DB03101,SMP0000536
DB03101,SMP0000537
DB03101,SMP0000031
DB03101,SMP0000046
DB03101,SMP0000050
DB03101,SMP0000202
DB03101,SMP0000210
DB03101,SMP0000364
DB03101,SMP0000365
DB03101,SMP0000428
DB03101,SMP0000519
DB03101,SMP0000535
DB03101,SMP0000048
DB03101,SMP0000144
DB03101,SMP0000168
DB03101,SMP0000172
DB03101,SMP0000178
DB03101,SMP0000203
DB03101,SMP0000219
DB03101,SMP0000427
DB03101,SMP0000430
DB03101,SMP0000513
DB03101,SMP0000520
DB03107,SMP0000201
DB03107,SMP0000493
DB03107,SMP0000502
DB03107,SMP0000016
DB03107,SMP0000044
DB03107,SMP0000046
DB03107,SMP0000191
DB03107,SMP0000202
DB03107,SMP0000007
DB03107,SMP0000067
DB03107,SMP0000172
DB03107,SMP0000175
DB03107,SMP0000178
DB03107,SMP0000192
DB03107,SMP0000198
DB03107,SMP0000219
DB03107,SMP0000351
DB03107,SMP0000492
DB03128,SMP0000232
DB03128,SMP0000589
DB03128,SMP0000736
DB03128,SMP0000025
DB03128,SMP0000233
DB03128,SMP0051038
DB03128,SMP0000225
DB03128,SMP0000226
DB03128,SMP0000227
DB03128,SMP0000228
DB03128,SMP0000229
DB03128,SMP0000230
DB03128,SMP0000231
DB03128,SMP0000246
DB03128,SMP0000734
DB03128,SMP0000735
DB03144,SMP0000362
DB03144,SMP0000504
DB03144,SMP0000505
DB03144,SMP0000207
DB03144,SMP0000208
DB03144,SMP0000363
DB03144,SMP0000506
DB03144,SMP0000020
DB03144,SMP0000188
DB03144,SMP0000360
DB03144,SMP0000361
DB03144,SMP0000507
DB03147,SMP0000015
DB03147,SMP0000028
DB03147,SMP0000032
DB03147,SMP0000037
DB03147,SMP0000053
DB03147,SMP0000063
DB03147,SMP0000070
DB03147,SMP0000099
DB03147,SMP0000111
DB03147,SMP0000124
DB03147,SMP0000140
DB03147,SMP0000141
DB03147,SMP0000143
DB03147,SMP0000167
DB03147,SMP0000179
DB03147,SMP0000181
DB03147,SMP0000185
DB03147,SMP0000187
DB03147,SMP0000199
DB03147,SMP0000201
DB03147,SMP0000206
DB03147,SMP0000209
DB03147,SMP0000214
DB03147,SMP0000220
DB03147,SMP0000222
DB03147,SMP0000235
DB03147,SMP0000236
DB03147,SMP0000237
DB03147,SMP0000238
DB03147,SMP0000242
DB03166,SMP0000067
DB03166,SMP0000175
DB03166,SMP0000192
DB03166,SMP0000045
DB03166,SMP0000449
DB03166,SMP0000534
DB03166,SMP0000559
DB03166,SMP0000623
DB03166,SMP0000060
DB03166,SMP0000196
DB03166,SMP0000212
DB03166,SMP0000216
DB03166,SMP0000217
DB03166,SMP0000240
DB03166,SMP0000334
DB03166,SMP0000390
DB03166,SMP0000407
DB03166,SMP0000429
DB03166,SMP0000456
DB03166,SMP0000558
DB03175,SMP0000532
DB03175,SMP0000041
DB03193,SMP0000482
DB03193,SMP0000479
DB03205,SMP0000170
DB03205,SMP0000006
DB03205,SMP0000012
DB03205,SMP0000218
DB03205,SMP0000429
DB03205,SMP0000169
DB03205,SMP0000190
DB03205,SMP0000494
DB03205,SMP0000497
DB03205,SMP0000498
DB03205,SMP0000533
DB03229,SMP0000138
DB03229,SMP0000200
DB03229,SMP0000523
DB03229,SMP0000137
DB03229,SMP0000139
DB03229,SMP0000173
DB03229,SMP0000524
DB03229,SMP0000032
DB03229,SMP0000140
DB03229,SMP0000141
DB03229,SMP0000199
DB03229,SMP0000236
DB03229,SMP0000237
DB03229,SMP0000238
DB03229,SMP0000384
DB03229,SMP0000521
DB03229,SMP0000522
DB03247,SMP0000070
DB03247,SMP0000362
DB03247,SMP0000493
DB03247,SMP0000504
DB03247,SMP0000505
DB03247,SMP0000650
DB03247,SMP0000020
DB03247,SMP0000046
DB03247,SMP0000188
DB03247,SMP0000202
DB03247,SMP0000360
DB03247,SMP0000361
DB03247,SMP0000507
DB03247,SMP0000007
DB03247,SMP0000017
DB03247,SMP0000027
DB03247,SMP0000172
DB03247,SMP0000178
DB03247,SMP0000207
DB03247,SMP0000208
DB03247,SMP0000219
DB03247,SMP0000351
DB03247,SMP0000363
DB03247,SMP0000492
DB03247,SMP0000503
DB03247,SMP0000506
DB03247,SMP0063777
DB03255,SMP0000532
DB03255,SMP0000041
DB03283,SMP0000064
DB03283,SMP0000561
DB03283,SMP0000725
DB03323,SMP0000556
DB03323,SMP0000557
DB03323,SMP0000554
DB03323,SMP0000555
DB03323,SMP0000058
DB03323,SMP0000552
DB03323,SMP0000553
DB03374,SMP0000716
DB03381,SMP0000348
DB03381,SMP0000347
DB03381,SMP0000034
DB03381,SMP0000349
DB03381,SMP0000525
DB03381,SMP0000526
DB03408,SMP0000072
DB03408,SMP0000339
DB03408,SMP0000501
DB03408,SMP0000136
DB03408,SMP0000183
DB03408,SMP0000243
DB03408,SMP0000499
DB03408,SMP0000500
DB03408,SMP0000567
DB03408,SMP0000013
DB03408,SMP0000015
DB03408,SMP0000143
DB03408,SMP0000337
DB03408,SMP0000385
DB03408,SMP0000722
DB03416,SMP0000076
DB03419,SMP0000493
DB03419,SMP0000046
DB03419,SMP0000202
DB03419,SMP0000007
DB03419,SMP0000172
DB03419,SMP0000178
DB03419,SMP0000219
DB03419,SMP0000351
DB03419,SMP0000492
DB03429,SMP0028021
DB03435,SMP0000034
DB03435,SMP0000045
DB03435,SMP0000068
DB03435,SMP0000342
DB03435,SMP0000345
DB03435,SMP0000349
DB03435,SMP0000405
DB03435,SMP0000442
DB03435,SMP0000471
DB03435,SMP0000525
DB03435,SMP0000526
DB03435,SMP0000534
DB03435,SMP0000554
DB03435,SMP0000555
DB03435,SMP0000565
DB03435,SMP0000579
DB03435,SMP0000635
DB03435,SMP0000640
DB03435,SMP0000648
DB03435,SMP0000649
DB03435,SMP0000024
DB03435,SMP0000043
DB03435,SMP0000046
DB03435,SMP0000058
DB03435,SMP0000086
DB03435,SMP0000096
DB03435,SMP0000202
DB03435,SMP0000216
DB03435,SMP0000217
DB03435,SMP0000240
DB03462,SMP0000046
DB03462,SMP0000202
DB03462,SMP0000172
DB03462,SMP0000178
DB03462,SMP0000219
DB03566,SMP0000177
DB03566,SMP0000033
DB03566,SMP0000221
DB03566,SMP0000445
DB03566,SMP0000214
DB03566,SMP0000222
DB03566,SMP0000340
DB03566,SMP0000341
DB03566,SMP0000570
DB03568,SMP0000073
DB03568,SMP0000456
DB03587,SMP0000223
DB03587,SMP0000244
DB03587,SMP0000445
DB03587,SMP0000179
DB03587,SMP0000242
DB03587,SMP0000484
DB03587,SMP0000485
DB03587,SMP0000559
DB03587,SMP0000721
DB03587,SMP0000004
DB03587,SMP0000060
DB03587,SMP0000196
DB03587,SMP0000212
DB03587,SMP0000334
DB03587,SMP0000459
DB03587,SMP0000558
DB03600,SMP0000456
DB03644,SMP0000063
DB03685,SMP0000046
DB03685,SMP0000202
DB03685,SMP0000248
DB03685,SMP0000251
DB03685,SMP0000254
DB03685,SMP0000293
DB03685,SMP0000294
DB03685,SMP0000444
DB03685,SMP0000713
DB03685,SMP0000730
DB03685,SMP0000731
DB03685,SMP0000247
DB03685,SMP0000249
DB03685,SMP0000250
DB03685,SMP0000255
DB03685,SMP0000256
DB03685,SMP0000257
DB03685,SMP0000259
DB03685,SMP0000262
DB03685,SMP0000579
DB03685,SMP0000711
DB03685,SMP0000726
DB03685,SMP0000172
DB03685,SMP0000178
DB03685,SMP0000219
DB03685,SMP0000252
DB03685,SMP0000253
DB03685,SMP0000258
DB03685,SMP0000290
DB03685,SMP0000291
DB03688,SMP0000016
DB03688,SMP0000198
DB03688,SMP0000201
DB03688,SMP0000502
DB03766,SMP0000016
DB03766,SMP0000198
DB03766,SMP0000201
DB03766,SMP0000464
DB03766,SMP0000502
DB03776,SMP0000559
DB03776,SMP0000060
DB03776,SMP0000196
DB03776,SMP0000212
DB03776,SMP0000334
DB03776,SMP0000558
DB03796,SMP0000099
DB03796,SMP0000111
DB03796,SMP0000181
DB03796,SMP0000185
DB03796,SMP0000187
DB03796,SMP0000209
DB03796,SMP0000235
DB03796,SMP0000316
DB03796,SMP0000388
DB03796,SMP0000389
DB03796,SMP0000510
DB03796,SMP0000542
DB03796,SMP0000023
DB03796,SMP0000035
DB03796,SMP0000079
DB03796,SMP0000095
DB03796,SMP0000112
DB03796,SMP0000131
DB03796,SMP0000315
DB03796,SMP0000317
DB03796,SMP0000318
DB03796,SMP0000386
DB03796,SMP0000387
DB03796,SMP0000509
DB03796,SMP0000511
DB03796,SMP0000529
DB03796,SMP0000539
DB03796,SMP0000541
DB03796,SMP0000544
DB03796,SMP0000039
DB03800,SMP0000046
DB03800,SMP0000202
DB03800,SMP0000172
DB03800,SMP0000178
DB03800,SMP0000219
DB03843,SMP0000004
DB03843,SMP0000408
DB03843,SMP0000422
DB03843,SMP0000424
DB03843,SMP0000621
DB03843,SMP0000636
DB03843,SMP0000639
DB03843,SMP0000646
DB03843,SMP0000652
DB03843,SMP0000223
DB03843,SMP0000244
DB03843,SMP0000426
DB03843,SMP0000431
DB03843,SMP0000443
DB03843,SMP0000601
DB03843,SMP0000602
DB03843,SMP0000606
DB03843,SMP0000628
DB03843,SMP0000637
DB03843,SMP0000638
DB03843,SMP0000651
DB03843,SMP0000028
DB03843,SMP0000179
DB03843,SMP0000242
DB03843,SMP0000328
DB03843,SMP0000398
DB03843,SMP0000405
DB03843,SMP0000442
DB03843,SMP0000471
DB03843,SMP0000484
DB03866,SMP0000077
DB03866,SMP0000087
DB03866,SMP0000093
DB03866,SMP0000094
DB03866,SMP0000114
DB03866,SMP0000116
DB03866,SMP0000692
DB03866,SMP0000697
DB03866,SMP0000702
DB03866,SMP0000075
DB03866,SMP0000083
DB03866,SMP0000098
DB03866,SMP0000102
DB03866,SMP0000106
DB03866,SMP0000109
DB03866,SMP0000113
DB03866,SMP0000120
DB03866,SMP0000694
DB03866,SMP0000695
DB03866,SMP0000699
DB03866,SMP0000701
DB03866,SMP0000707
DB03866,SMP0000708
DB03866,SMP0000710
DB03866,SMP0000084
DB03866,SMP0000085
DB03866,SMP0000086
DB03866,SMP0000096
DB03866,SMP0000101
DB03866,SMP0000104
DB03884,SMP0000370
DB03884,SMP0000206
DB03884,SMP0000008
DB03884,SMP0000369
DB03896,SMP0000486
DB03896,SMP0000487
DB03896,SMP0000488
DB03896,SMP0000005
DB03896,SMP0000489
DB03896,SMP0000490
DB03896,SMP0000491
DB03904,SMP0000081
DB03904,SMP0000100
DB03904,SMP0000105
DB03904,SMP0000115
DB03904,SMP0000118
DB03904,SMP0000132
DB03904,SMP0000189
DB03904,SMP0000197
DB03904,SMP0000245
DB03904,SMP0000362
DB03904,SMP0000504
DB03904,SMP0000505
DB03904,SMP0000583
DB03904,SMP0000723
DB03904,SMP0000002
DB03904,SMP0000003
DB03904,SMP0000020
DB03904,SMP0000036
DB03904,SMP0000080
DB03904,SMP0000088
DB03904,SMP0000091
DB03904,SMP0000110
DB03904,SMP0000121
DB03904,SMP0000134
DB03904,SMP0000135
DB03904,SMP0000188
DB03904,SMP0000360
DB03904,SMP0000361
DB03904,SMP0000507
DB03904,SMP0000001
DB03915,SMP0000004
DB03915,SMP0000223
DB03915,SMP0000244
DB03915,SMP0000179
DB03915,SMP0000242
DB03915,SMP0000484
DB03915,SMP0000485
DB03915,SMP0000721
DB03929,SMP0000004
DB03929,SMP0000248
DB03929,SMP0000251
DB03929,SMP0000254
DB03929,SMP0000293
DB03929,SMP0000294
DB03929,SMP0000713
DB03929,SMP0000730
DB03929,SMP0000731
DB03929,SMP0000223
DB03929,SMP0000244
DB03929,SMP0000252
DB03929,SMP0000253
DB03929,SMP0000258
DB03929,SMP0000290
DB03929,SMP0000291
DB03929,SMP0000292
DB03929,SMP0000295
DB03929,SMP0000712
DB03929,SMP0000714
DB03929,SMP0000727
DB03929,SMP0000728
DB03929,SMP0000729
DB03929,SMP0000179
DB03929,SMP0000242
DB03929,SMP0000247
DB03929,SMP0000249
DB03929,SMP0000250
DB03929,SMP0000255
DB03929,SMP0000256
DB03945,SMP0000348
DB03945,SMP0014216
DB03945,SMP0014218
DB03945,SMP0014220
DB03945,SMP0014224
DB03945,SMP0014228
DB03945,SMP0014229
DB03945,SMP0014230
DB03945,SMP0014233
DB03945,SMP0014235
DB03945,SMP0014240
DB03945,SMP0014242
DB03945,SMP0014245
DB03945,SMP0014248
DB03945,SMP0014249
DB03945,SMP0014255
DB03945,SMP0014267
DB03945,SMP0014272
DB03945,SMP0014274
DB03945,SMP0014277
DB03945,SMP0014278
DB03945,SMP0014279
DB03945,SMP0014287
DB03945,SMP0014290
DB03945,SMP0014291
DB03945,SMP0014294
DB03945,SMP0014300
DB03945,SMP0014303
DB03945,SMP0014304
DB03945,SMP0014306
DB03994,SMP0014216
DB03994,SMP0014218
DB03994,SMP0014220
DB03994,SMP0014224
DB03994,SMP0014228
DB03994,SMP0014229
DB03994,SMP0014230
DB03994,SMP0014233
DB03994,SMP0014235
DB03994,SMP0014240
DB03994,SMP0014242
DB03994,SMP0014245
DB03994,SMP0014248
DB03994,SMP0014249
DB03994,SMP0014255
DB03994,SMP0014267
DB03994,SMP0014272
DB03994,SMP0014274
DB03994,SMP0014277
DB03994,SMP0014278
DB03994,SMP0014279
DB03994,SMP0014287
DB03994,SMP0014290
DB03994,SMP0014291
DB03994,SMP0014294
DB03994,SMP0014300
DB03994,SMP0014303
DB03994,SMP0014304
DB03994,SMP0014306
DB03994,SMP0014310
DB04034,SMP0000518
DB04034,SMP0000031
DB04034,SMP0000519
DB04034,SMP0000520
DB04034,SMP0000654
DB04074,SMP0000138
DB04074,SMP0000200
DB04074,SMP0000523
DB04074,SMP0000137
DB04074,SMP0000139
DB04074,SMP0000173
DB04074,SMP0000524
DB04074,SMP0000032
DB04074,SMP0000140
DB04074,SMP0000141
DB04074,SMP0000199
DB04074,SMP0000236
DB04074,SMP0000237
DB04074,SMP0000238
DB04074,SMP0000384
DB04074,SMP0000521
DB04074,SMP0000522
DB04076,SMP0000167
DB04076,SMP0000220
DB04076,SMP0000512
DB04076,SMP0000536
DB04076,SMP0000537
DB04076,SMP0000050
DB04076,SMP0000210
DB04076,SMP0000364
DB04076,SMP0000365
DB04076,SMP0000428
DB04076,SMP0000535
DB04076,SMP0000144
DB04076,SMP0000168
DB04076,SMP0000203
DB04076,SMP0000427
DB04076,SMP0000430
DB04076,SMP0000513
DB04151,SMP0000044
DB04151,SMP0000191
DB04160,SMP0000002
DB04160,SMP0000003
DB04160,SMP0000004
DB04160,SMP0000009
DB04160,SMP0000011
DB04160,SMP0000016
DB04160,SMP0000020
DB04160,SMP0000029
DB04160,SMP0000043
DB04160,SMP0000044
DB04160,SMP0000046
DB04160,SMP0000050
DB04160,SMP0000051
DB04160,SMP0000058
DB04160,SMP0000060
DB04160,SMP0000072
DB04160,SMP0000073
DB04160,SMP0000082
DB04160,SMP0000089
DB04160,SMP0000092
DB04160,SMP0000107
DB04160,SMP0000117
DB04160,SMP0000119
DB04160,SMP0000123
DB04160,SMP0000174
DB04160,SMP0000177
DB04160,SMP0000188
DB04160,SMP0000191
DB04160,SMP0000196
DB04160,SMP0000202
DB04183,SMP0000138
DB04183,SMP0000198
DB04183,SMP0000200
DB04183,SMP0000523
DB04183,SMP0000016
DB04183,SMP0000137
DB04183,SMP0000139
DB04183,SMP0000173
DB04183,SMP0000524
DB04183,SMP0000032
DB04183,SMP0000140
DB04183,SMP0000141
DB04183,SMP0000199
DB04183,SMP0000201
DB04183,SMP0000236
DB04183,SMP0000237
DB04183,SMP0000238
DB04183,SMP0000384
DB04183,SMP0000464
DB04183,SMP0000502
DB04183,SMP0000521
DB04183,SMP0000522
DB04193,SMP0000177
DB04193,SMP0000033
DB04193,SMP0000221
DB04193,SMP0000214
DB04193,SMP0000222
DB04193,SMP0000340
DB04193,SMP0000341
DB04193,SMP0000570
DB04207,SMP0000719
DB04207,SMP0000186
DB04207,SMP0000239
DB04207,SMP0000527
DB04207,SMP0000037
DB04207,SMP0000528
DB04207,SMP0000571
DB04242,SMP0000065
DB04252,SMP0000046
DB04252,SMP0000202
DB04252,SMP0000067
DB04252,SMP0000172
DB04252,SMP0000175
DB04252,SMP0000178
DB04252,SMP0000192
DB04252,SMP0000219
DB04272,SMP0002295
DB04272,SMP0002358
DB04272,SMP0000057
DB04272,SMP0000550
DB04272,SMP0000551
DB04272,SMP0002292
DB04272,SMP0002298
DB04272,SMP0002359
DB04272,SMP0000466
DB04272,SMP0000546
DB04272,SMP0000547
DB04272,SMP0000548
DB04272,SMP0000549
DB04272,SMP0000654
DB04272,SMP0002291
DB04275,SMP0000063
DB04299,SMP0000167
DB04299,SMP0000206
DB04299,SMP0000220
DB04299,SMP0000362
DB04299,SMP0000504
DB04299,SMP0000505
DB04299,SMP0000512
DB04299,SMP0000536
DB04299,SMP0000537
DB04299,SMP0002295
DB04299,SMP0002358
DB04299,SMP0000002
DB04299,SMP0000003
DB04299,SMP0000006
DB04299,SMP0000020
DB04299,SMP0000050
DB04299,SMP0000057
DB04299,SMP0000188
DB04299,SMP0000210
DB04299,SMP0000218
DB04299,SMP0000355
DB04299,SMP0000360
DB04299,SMP0000361
DB04299,SMP0000364
DB04299,SMP0000365
DB04299,SMP0000370
DB04299,SMP0000428
DB04299,SMP0000429
DB04299,SMP0000507
DB04299,SMP0000535
DB04326,SMP0000040
DB04326,SMP0000064
DB04326,SMP0000124
DB04326,SMP0000187
DB04326,SMP0000518
DB04326,SMP0000531
DB04326,SMP0000560
DB04326,SMP0000573
DB04326,SMP0015901
DB04326,SMP0015910
DB04326,SMP0015911
DB04326,SMP0015912
DB04326,SMP0015915
DB04326,SMP0015916
DB04326,SMP0015918
DB04326,SMP0015922
DB04326,SMP0015924
DB04326,SMP0015926
DB04326,SMP0015935
DB04326,SMP0015938
DB04326,SMP0015939
DB04326,SMP0015949
DB04326,SMP0015950
DB04326,SMP0015951
DB04326,SMP0015952
DB04326,SMP0015957
DB04326,SMP0015960
DB04326,SMP0015962
DB04326,SMP0015963
DB04326,SMP0015971
DB04335,SMP0000167
DB04335,SMP0000220
DB04335,SMP0000512
DB04335,SMP0000536
DB04335,SMP0000537
DB04335,SMP0000050
DB04335,SMP0000210
DB04335,SMP0000364
DB04335,SMP0000365
DB04335,SMP0000428
DB04335,SMP0000535
DB04335,SMP0000144
DB04335,SMP0000168
DB04335,SMP0000203
DB04335,SMP0000427
DB04335,SMP0000430
DB04335,SMP0000513
DB04343,SMP0000004
DB04343,SMP0000223
DB04343,SMP0000244
DB04343,SMP0000313
DB04343,SMP0000352
DB04343,SMP0000055
DB04343,SMP0000179
DB04343,SMP0000242
DB04343,SMP0000350
DB04343,SMP0000484
DB04343,SMP0000485
DB04343,SMP0000721
DB04348,SMP0000316
DB04348,SMP0000314
DB04348,SMP0000720
DB04348,SMP0000035
DB04348,SMP0000315
DB04348,SMP0000317
DB04348,SMP0000318
DB04388,SMP0000362
DB04388,SMP0000504
DB04388,SMP0000505
DB04388,SMP0000207
DB04388,SMP0000208
DB04388,SMP0000363
DB04388,SMP0000506
DB04388,SMP0000020
DB04388,SMP0000188
DB04388,SMP0000360
DB04388,SMP0000361
DB04388,SMP0000507
DB04401,SMP0000123
DB04401,SMP0002313
DB04457,SMP0000167
DB04457,SMP0000220
DB04457,SMP0000512
DB04457,SMP0000536
DB04457,SMP0000537
DB04457,SMP0000050
DB04457,SMP0000210
DB04457,SMP0000364
DB04457,SMP0000365
DB04457,SMP0000428
DB04457,SMP0000535
DB04457,SMP0000144
DB04457,SMP0000168
DB04457,SMP0000203
DB04457,SMP0000427
DB04457,SMP0000430
DB04457,SMP0000513
DB04461,SMP0000024
DB04461,SMP0000344
DB04461,SMP0000346
DB04461,SMP0000342
DB04461,SMP0000345
DB04465,SMP0000579
DB04465,SMP0000182
DB04465,SMP0000580
DB04465,SMP0000043
DB04465,SMP0000444
DB04465,SMP0000457
DB04465,SMP0000458
DB04485,SMP0000046
DB04485,SMP0000202
DB04485,SMP0000172
DB04485,SMP0000178
DB04485,SMP0000219
DB04519,SMP0000456
DB04522,SMP0000004
DB04522,SMP0000223
DB04522,SMP0000244
DB04522,SMP0000179
DB04522,SMP0000242
DB04522,SMP0000484
DB04522,SMP0000485
DB04522,SMP0000721
DB04524,SMP0000198
DB04524,SMP0000201
DB04524,SMP0000502
DB04524,SMP0000559
DB04524,SMP0000016
DB04524,SMP0000060
DB04524,SMP0000196
DB04524,SMP0000212
DB04524,SMP0000334
DB04524,SMP0000456
DB04524,SMP0000558
DB04540,SMP0000099
DB04540,SMP0000111
DB04540,SMP0000209
DB04540,SMP0000316
DB04540,SMP0000372
DB04540,SMP0000388
DB04540,SMP0000389
DB04540,SMP0000510
DB04540,SMP0000577
DB04540,SMP0000718
DB04540,SMP0000082
DB04540,SMP0000089
DB04540,SMP0000092
DB04540,SMP0000107
DB04540,SMP0000117
DB04540,SMP0000119
DB04540,SMP0000314
DB04540,SMP0000319
DB04540,SMP0000371
DB04540,SMP0000508
DB04540,SMP0000575
DB04540,SMP0000717
DB04540,SMP0000720
DB04540,SMP0000023
DB04540,SMP0000035
DB04540,SMP0000079
DB04540,SMP0000095
DB04540,SMP0000112
DB04540,SMP0000130
DB04540,SMP0000131
DB04553,SMP0000004
DB04553,SMP0000016
DB04553,SMP0000029
DB04553,SMP0000177
DB04553,SMP0000033
DB04553,SMP0000198
DB04553,SMP0000221
DB04553,SMP0000223
DB04553,SMP0000244
DB04553,SMP0000515
DB04553,SMP0000179
DB04553,SMP0000201
DB04553,SMP0000214
DB04553,SMP0000222
DB04553,SMP0000242
DB04553,SMP0000340
DB04553,SMP0000341
DB04553,SMP0000452
DB04553,SMP0000455
DB04553,SMP0000484
DB04553,SMP0000485
DB04553,SMP0000502
DB04553,SMP0000514
DB04553,SMP0000570
DB04553,SMP0000721
DB04557,SMP0000077
DB04557,SMP0000087
DB04557,SMP0000093
DB04557,SMP0000094
DB04557,SMP0000114
DB04557,SMP0000116
DB04557,SMP0000692
DB04557,SMP0000697
DB04557,SMP0000702
DB04557,SMP0000084
DB04557,SMP0000085
DB04557,SMP0000086
DB04557,SMP0000096
DB04557,SMP0000101
DB04557,SMP0000104
DB04557,SMP0000289
DB04557,SMP0000353
DB04557,SMP0000693
DB04557,SMP0000696
DB04557,SMP0000698
DB04557,SMP0000700
DB04557,SMP0000703
DB04557,SMP0000704
DB04557,SMP0000705
DB04557,SMP0000706
DB04557,SMP0000709
DB04557,SMP0000018
DB04557,SMP0000075
DB04557,SMP0000083
DB04557,SMP0000098
DB04564,SMP0000520
DB04564,SMP0000518
DB04564,SMP0000031
DB04564,SMP0000519
DB04573,SMP0030880
DB04574,SMP0000532
DB04574,SMP0030880
DB04574,SMP0000041
DB04574,SMP0000356
DB04574,SMP0000068
DB04574,SMP0000565
DB04652,SMP0000371
DB04652,SMP0000575
DB04652,SMP0000717
DB04652,SMP0000372
DB04652,SMP0000577
DB04652,SMP0000718
DB04652,SMP0000130
DB04652,SMP0000373
DB04652,SMP0000566
DB04652,SMP0000576
DB04652,SMP0000578
DB04701,SMP0000501
DB04701,SMP0000183
DB04701,SMP0000500
DB04701,SMP0000015
DB04701,SMP0000143
DB04701,SMP0000337
DB04704,SMP0000371
DB04704,SMP0000575
DB04704,SMP0000717
DB04704,SMP0000372
DB04704,SMP0000577
DB04704,SMP0000718
DB04704,SMP0000130
DB04704,SMP0000373
DB04704,SMP0000566
DB04704,SMP0000576
DB04704,SMP0000578
DB04714,SMP0000099
DB04714,SMP0000111
DB04714,SMP0000209
DB04714,SMP0000388
DB04714,SMP0000389
DB04714,SMP0000510
DB04714,SMP0000082
DB04714,SMP0000089
DB04714,SMP0000092
DB04714,SMP0000107
DB04714,SMP0000117
DB04714,SMP0000119
DB04714,SMP0000319
DB04714,SMP0000508
DB04714,SMP0000023
DB04714,SMP0000079
DB04714,SMP0000095
DB04714,SMP0000112
DB04714,SMP0000131
DB04714,SMP0000386
DB04714,SMP0000387
DB04714,SMP0000509
DB04714,SMP0000511
DB04819,SMP0058741
DB04826,SMP0062894
DB04841,SMP0061047
DB04861,SMP0000366
DB04868,SMP0031697
DB04879,SMP0000421
DB04890,SMP0060058
DB04898,SMP0000279
DB05482,SMP0000600
DB05482,SMP0000433
DB05804,SMP0000356
DB05804,SMP0000068
DB05804,SMP0000565
DB06274,SMP0000685
DB06282,SMP0059114
DB06616,SMP0031698
DB06691,SMP0057583
DB06692,SMP0000288
DB06696,SMP0000713
DB06697,SMP0000651
DB06698,SMP0060744
DB06700,SMP0000636
DB06725,SMP0000700
DB06731,SMP0000646
DB06731,SMP0000426
DB06738,SMP0000690
DB06766,SMP0062881
DB06777,SMP0000316
DB06777,SMP0000314
DB06777,SMP0000720
DB06777,SMP0000035
DB06777,SMP0000315
DB06777,SMP0000317
DB06777,SMP0000318
DB06802,SMP0000702
DB07375,SMP0030406
DB07447,SMP0000356
DB07447,SMP0000068
DB07447,SMP0000565
DB07718,SMP0000206
DB07718,SMP0000006
DB07718,SMP0000218
DB07718,SMP0000370
DB07718,SMP0000429
DB07718,SMP0000008
DB07718,SMP0000169
DB07718,SMP0000190
DB07718,SMP0000369
DB07718,SMP0000494
DB07718,SMP0000498
DB07718,SMP0000533
DB07780,SMP0000099
DB07780,SMP0000111
DB07780,SMP0000209
DB07780,SMP0000342
DB07780,SMP0000345
DB07780,SMP0000388
DB07780,SMP0000389
DB07780,SMP0000510
DB07780,SMP0000024
DB07780,SMP0000082
DB07780,SMP0000089
DB07780,SMP0000092
DB07780,SMP0000107
DB07780,SMP0000117
DB07780,SMP0000119
DB07780,SMP0000319
DB07780,SMP0000508
DB07780,SMP0000023
DB07780,SMP0000079
DB07780,SMP0000095
DB07780,SMP0000112
DB07780,SMP0000131
DB07780,SMP0000344
DB07780,SMP0000346
DB07780,SMP0000386
DB07780,SMP0000387
DB07780,SMP0000509
DB07780,SMP0000511
DB07930,SMP0000456
DB07950,SMP0000063
DB08231,SMP0000456
DB08327,SMP0000206
DB08327,SMP0000006
DB08327,SMP0000218
DB08327,SMP0000370
DB08327,SMP0000429
DB08327,SMP0000008
DB08327,SMP0000169
DB08327,SMP0000190
DB08327,SMP0000369
DB08327,SMP0000494
DB08327,SMP0000498
DB08327,SMP0000533
DB08653,SMP0000063
DB08799,SMP0057584
DB08800,SMP0057585
DB08801,SMP0057582
DB08802,SMP0059716
DB08805,SMP0000735
DB08806,SMP0000734
DB08807,SMP0000657
DB08808,SMP0000670
DB08833,SMP0000316
DB08833,SMP0000314
DB08833,SMP0000720
DB08833,SMP0000035
DB08833,SMP0000315
DB08833,SMP0000317
DB08833,SMP0000318
DB08836,SMP0000732
DB08836,SMP0000733
DB08901,SMP0031700
DB08936,SMP0058931
DB09007,SMP0058903
DB09488,SMP0059881
DB11160,SMP0058916
DB11235,SMP0058769
DB11591,SMP0060170
DB11614,SMP0060235
DB11725,SMP0062623
DB11742,SMP0060204
DB11851,SMP0031699
DB12523,SMP0060230
DB12770,SMP0051038
DB12877,SMP0059044
DB13178,SMP0000011
DB13178,SMP0000043
DB13178,SMP0000182
DB13178,SMP0000582
DB13178,SMP0000462
DB13178,SMP0000463
DB13292,SMP0062886
DB13305,SMP0062621
DB13349,SMP0057586
DB13420,SMP0060742
DB13479,SMP0058732
DB13679,SMP0056811
DB13711,SMP0062895
DB13808,SMP0061052
DB13820,SMP0059738
DB13840,SMP0059710
